,gene,Gene_Name,log2fc,t_stat,p_val,p_adj,abs_log2fc
17,ENSMUSG00000000154,Slc22a18,0.9155123997891855,3.545853108779607,0.0023091245533901805,0.05666829310788559,0.9155123997891855
28,ENSMUSG00000000244,Tspan32,1.44441319259726,6.769020407693777,2.4260843086168223e-06,0.003990607857356755,1.44441319259726
36,ENSMUSG00000000290,Itgb2,1.7150403568323629,4.355690937448422,0.0003810545263059148,0.01715231407313231,1.7150403568323629
90,ENSMUSG00000000673,Haao,1.7020822873257007,4.918449311336407,0.00011079800247480682,0.008284028617237146,1.7020822873257007
91,ENSMUSG00000000682,Cd52,2.4108493213460367,5.430332702172479,3.693593069580714e-05,0.00483000473842959,2.4108493213460367
96,ENSMUSG00000000732,Icosl,0.9007652595940416,3.8283009107093906,0.0012312366314906498,0.03652073830128504,0.9007652595940416
130,ENSMUSG00000000958,Slc7a7,0.9935315348629069,4.288270432354396,0.0004424562807137086,0.018544278083594747,0.9935315348629069
133,ENSMUSG00000000982,Ccl3,3.93619803175902,4.823974295971955,0.00013609039100790352,0.009354046304359678,3.93619803175902
161,ENSMUSG00000001123,Lgals9,1.1569286649230537,4.795604672988019,0.00014478019325360694,0.0094968271745721,1.1569286649230537
164,ENSMUSG00000001131,Timp1,1.64983512142445,4.0477230216017075,0.0007551621502928236,0.026281728090565823,1.64983512142445
249,ENSMUSG00000001750,Tcirg1,0.8583002785366722,4.591646045827401,0.0002263693175271322,0.01233553544095291,0.8583002785366722
250,ENSMUSG00000001751,Naglu,1.0178878998666274,4.902981071515144,0.00011458504994899824,0.008424388359791975,1.0178878998666274
318,ENSMUSG00000002111,Spi1,1.170286064424099,6.104782505586675,9.099833623012225e-06,0.004200861826751268,1.170286064424099
344,ENSMUSG00000002325,Irf9,1.3463729354353433,5.10990197266359,7.323233868351349e-05,0.0063897535065682255,1.3463729354353433
386,ENSMUSG00000002668,Dennd1c,1.1031634672176327,4.376269679959803,0.0003640854826309859,0.016600228271379188,1.1031634672176327
389,ENSMUSG00000002699,Lcp2,1.0638791780599735,5.0637429271899705,8.089381607912868e-05,0.006754239950894485,1.0638791780599735
479,ENSMUSG00000003283,Hck,1.0008085203473343,4.7882113905194075,0.00014713623420281046,0.00954492225186982,1.0008085203473343
499,ENSMUSG00000003418,St8sia6,1.2669811912860638,4.434874776919513,0.0003198299578113303,0.015252431366434926,1.2669811912860638
515,ENSMUSG00000003484,Cyp4f18,1.6247454756381356,3.4461540743365604,0.0028812112465220877,0.06636941572438936,1.6247454756381356
551,ENSMUSG00000003812,Dnase2a,0.8496550124788431,5.304921175723805,4.821756821029694e-05,0.005316350063029022,0.8496550124788431
600,ENSMUSG00000004266,Ptpn6,1.7864231628020586,5.834862102055185,1.583302436866439e-05,0.004200861826751268,1.7864231628020586
628,ENSMUSG00000004552,Ctse,2.602825852013033,4.108479448559148,0.0006596589014065729,0.02390078298833466,2.602825852013033
636,ENSMUSG00000004609,Cd33,0.8660371066376373,3.931756503427738,0.000977723140995775,0.031219952143145463,0.8660371066376373
651,ENSMUSG00000004707,Ly9,3.061335501648824,5.762185751823424,1.8408384241776283e-05,0.004200861826751268,3.061335501648824
652,ENSMUSG00000004730,Adgre1,0.9493002453394714,4.565556014085117,0.00023974378990907798,0.012780299616150093,0.9493002453394714
726,ENSMUSG00000005373,Mlxipl,1.6848902483776462,5.273924679718197,5.151497131708372e-05,0.005542571151767941,1.6848902483776462
731,ENSMUSG00000005413,Hmox1,0.8831689463325599,5.105390088290685,7.394734781520805e-05,0.0063897535065682255,0.8831689463325599
827,ENSMUSG00000006219,Fblim1,1.2177180160602956,4.498707719172002,0.00027779004614042095,0.013927427085430839,1.2177180160602956
833,ENSMUSG00000006281,Tep1,0.8635337343555417,5.220585282669711,5.773995045040211e-05,0.005806301471152481,0.8635337343555417
876,ENSMUSG00000006519,Cyba,1.6668509483420049,5.141546895050152,6.841210088477828e-05,0.006320060314722056,1.6668509483420049
933,ENSMUSG00000007041,Clic1,0.8231136645993307,5.097781154127589,7.516935824706558e-05,0.006407552300818706,0.8231136645993307
955,ENSMUSG00000007613,Tgfbr1,0.7849672517264569,4.27639605344966,0.0004542635964581,0.018656558175029526,0.7849672517264569
982,ENSMUSG00000007891,Ctsd,1.7666404808739242,5.713562058070111,2.036880819999273e-05,0.004200861826751268,1.7666404808739242
1074,ENSMUSG00000009585,Apobec3,1.0626263272749255,4.959341260290896,0.00010138941876920478,0.007778331713837471,1.0626263272749255
1117,ENSMUSG00000010142,Tnfrsf13b,0.9431769322617469,4.427523480382256,0.0003250682300432258,0.015309704774728528,0.9431769322617469
1125,ENSMUSG00000010358,Ifi35,0.8369358211449451,4.915782685519274,0.0001114416425249203,0.00829699486224565,0.8369358211449451
1226,ENSMUSG00000013707,Tnfaip8l2,1.189267791138764,5.1811970226868205,6.282705592871553e-05,0.006046844825520785,1.189267791138764
1275,ENSMUSG00000014599,Csf1,1.2452671914539877,3.8117141649100024,0.0012775998013602621,0.03757208082500304,1.2452671914539877
1345,ENSMUSG00000015314,Slamf6,1.223420087481212,5.329910296354224,4.5717090985724024e-05,0.005209465033237595,1.223420087481212
1348,ENSMUSG00000015340,Cybb,2.5268295414983526,5.0094734959405525,9.095767425321388e-05,0.007352010497587945,2.5268295414983526
1352,ENSMUSG00000015355,Cd48,2.239574188888299,5.549865533414761,2.8698028680261367e-05,0.004531841429751017,2.239574188888299
1373,ENSMUSG00000015568,Lpl,1.2147811323961062,5.712365976633429,2.0419651908058903e-05,0.004200861826751268,1.2147811323961062
1412,ENSMUSG00000015852,Fcrl2,1.5423115273805428,5.115352051057681,7.237806694990488e-05,0.0063897535065682255,1.5423115273805428
1422,ENSMUSG00000015947,Fcgr1,1.811062810139371,6.242348709143302,6.8869825530845746e-06,0.004200861826751268,1.811062810139371
1423,ENSMUSG00000015950,Ncf1,1.1443792287247274,4.475348461713342,0.0002924828248053336,0.014335720676916975,1.1443792287247274
1442,ENSMUSG00000016206,H2-M3,0.7807680369138631,5.461359690359141,3.458846626997796e-05,0.004694719133336624,0.7807680369138631
1446,ENSMUSG00000016256,Ctsz,1.5111737278826793,5.115659040279931,7.233025211470548e-05,0.0063897535065682255,1.5111737278826793
1465,ENSMUSG00000016496,Cd274,0.9944250543471443,3.9290696631851763,0.000983594085461268,0.031327649166000136,0.9944250543471443
1533,ENSMUSG00000017607,Tns4,1.5616460732585573,3.4337664956871143,0.002961440631609873,0.06757243256624001,1.5616460732585573
1570,ENSMUSG00000017830,Dhx58,1.269803510971572,5.0259301073417335,8.777761890027761e-05,0.007170537432849067,1.269803510971572
1584,ENSMUSG00000018008,Cyth4,1.275831201420855,5.811121648598541,1.6630783185394808e-05,0.004200861826751268,1.275831201420855
1591,ENSMUSG00000018126,Baiap2l2,1.0430968695356806,3.9624827840709225,0.0009130299899011217,0.029834100318157947,1.0430968695356806
1621,ENSMUSG00000018381,Abi3,1.2729661382148256,5.038851795429191,8.53603677082293e-05,0.00703824153369956,1.2729661382148256
1670,ENSMUSG00000018654,Ikzf1,0.8347005373450973,3.8394261317249154,0.0012010854644312144,0.03585981898458338,0.8347005373450973
1688,ENSMUSG00000018774,Cd68,2.271998372502259,5.6300245288263255,2.425318482901825e-05,0.004428953660286084,2.271998372502259
1692,ENSMUSG00000018819,Lsp1,0.9784676385659941,5.236689733215635,5.578328145446868e-05,0.005756116966456724,0.9784676385659941
1695,ENSMUSG00000018822,Sfrp5,0.8302338252158434,4.8218886253256,0.0001367107624496853,0.009354046304359678,0.8302338252158434
1711,ENSMUSG00000018920,Cxcl16,1.7460030702160192,5.973723679675315,1.1893607096649117e-05,0.004200861826751268,1.7460030702160192
1714,ENSMUSG00000018927,Ccl6,3.13583234326259,5.77983552001244,1.7745735362152756e-05,0.004200861826751268,3.13583234326259
1715,ENSMUSG00000018930,Ccl4,3.626479922272931,4.686852602917686,0.0001836667855082176,0.010948650102339525,3.626479922272931
1733,ENSMUSG00000019122,Ccl9,1.2754034356165187,3.9784672941019275,0.0008810904812476081,0.029168558239425976,1.2754034356165187
1747,ENSMUSG00000019230,Lhx9,1.4035606583632216,3.616181416586245,0.0019748111955231605,0.05147052222305195,1.4035606583632216
1886,ENSMUSG00000019942,Cdk1,1.2703670954249593,3.5485068680363954,0.0022955454603216688,0.056413509258183635,1.2703670954249593
1934,ENSMUSG00000020053,Igf1,0.8510190667862993,3.907192016618481,0.001032731984129032,0.03236688429832464,0.8510190667862993
1966,ENSMUSG00000020101,Vsir,1.1113861931073226,4.670928283122342,0.00019019308718935555,0.011186523411520596,1.1113861931073226
1976,ENSMUSG00000020120,Plek,1.6649105529027024,5.129161646184433,7.025879778317401e-05,0.006378953061228088,1.6649105529027024
2044,ENSMUSG00000020256,Aldh1l2,1.0610339052093685,3.713866356708975,0.0015888239410961416,0.04394169034583295,1.0610339052093685
2122,ENSMUSG00000020399,Havcr2,1.3118034684174473,4.225670995570064,0.0005083914313784958,0.02020397929430982,1.3118034684174473
2138,ENSMUSG00000020432,Tcn2,0.773652190059069,4.297813489354245,0.0004331920354294855,0.018415897987042944,0.773652190059069
2210,ENSMUSG00000020573,Pik3cg,1.4124861275362115,4.097673308037746,0.0006757099375870646,0.024332452752497458,1.4124861275362115
2244,ENSMUSG00000020641,Rsad2,1.3365456295031282,3.427928175090654,0.0030000144911816297,0.06804017441760907,1.3365456295031282
2420,ENSMUSG00000020932,Gfap,2.625340415215852,5.362465635337777,4.265747218957426e-05,0.005155418471130396,2.625340415215852
2489,ENSMUSG00000021091,Serpina3n,1.7072601757036188,4.585067884778691,0.00022966837308008498,0.012390408285227937,1.7072601757036188
2560,ENSMUSG00000021242,Npc2,0.8221634100959622,5.6889811165415765,2.1440363386077852e-05,0.004299036499401633,0.8221634100959622
2646,ENSMUSG00000021423,Ly86,1.9733861916388729,5.916071633635968,1.3389663500530836e-05,0.004200861826751268,1.9733861916388729
2665,ENSMUSG00000021477,Ctsl,0.8064128277069168,6.33908013725644,5.670144785945741e-06,0.004200861826751268,0.8064128277069168
2735,ENSMUSG00000021624,Cd180,1.997760776629971,4.2952473707489744,0.00043566375636619155,0.01843277998674639,1.997760776629971
2749,ENSMUSG00000021665,Hexb,1.4054636874897053,5.900042419941045,1.3839137102697988e-05,0.004200861826751268,1.4054636874897053
2835,ENSMUSG00000021822,Plau,1.7539237043991571,4.847524700140533,0.00012928124075330257,0.009016472304711557,1.7539237043991571
2853,ENSMUSG00000021876,Rnase4,1.131022303486143,5.513639687749667,3.0973457016667996e-05,0.004531841429751017,1.131022303486143
2857,ENSMUSG00000021886,Gpr65,2.8254073214983384,4.801724057717336,0.00014285917972463866,0.009476504609929508,2.8254073214983384
2915,ENSMUSG00000021998,Lcp1,1.2890926286452244,4.921873530213366,0.00010997705865630206,0.008284028617237146,1.2890926286452244
2923,ENSMUSG00000022014,Epsti1,1.3892357265064654,4.866240871937453,0.00012411800006910284,0.00879091086355825,1.3892357265064654
2936,ENSMUSG00000022033,Pbk,0.943982446357606,3.949074093193021,0.0009407164349210857,0.0304009917475871,0.943982446357606
2993,ENSMUSG00000022148,Fyb1,1.2207913233996512,3.7019172401758365,0.0016316771037706652,0.04461510339490255,1.2207913233996512
3027,ENSMUSG00000022218,Tgm1,3.163353007121362,3.374452169119061,0.0033772193163088987,0.07430303595544951,3.163353007121362
3063,ENSMUSG00000022303,Dcstamp,2.3791339092964576,4.791605316711409,0.00014604987271519334,0.009509409609075965,2.3791339092964576
3137,ENSMUSG00000022439,Parvg,0.9955850921037559,5.744028264919217,1.9116700666601935e-05,0.004200861826751268,0.9955850921037559
3163,ENSMUSG00000022488,Nckap1l,1.1786876485601216,4.5009945080851095,0.00027639247959057296,0.013927427085430839,1.1786876485601216
3217,ENSMUSG00000022575,Gsdmd,0.9804993656173991,8.48191297448319,1.0549420818384771e-07,0.0009275653167607062,0.9804993656173991
3220,ENSMUSG00000022584,Ly6c2,1.2938360831624385,3.4282853948754286,0.002997640147083644,0.06804017441760907,1.2938360831624385
3331,ENSMUSG00000022817,Itgb5,0.9232544024099562,4.337948827048618,0.000396325268035097,0.01743930013585857,0.9232544024099562
3337,ENSMUSG00000022831,Hcls1,1.3554607702214228,4.283783913591033,0.00044688060303225155,0.018583817239272545,1.3554607702214228
3361,ENSMUSG00000022876,Samsn1,1.4936620936792662,5.074761616121388,7.899352398593565e-05,0.0066373368130087365,1.4936620936792662
3376,ENSMUSG00000022901,Cd86,1.549441928455105,5.823412681129672,1.6212725494191896e-05,0.004200861826751268,1.549441928455105
3378,ENSMUSG00000022906,Parp9,1.2048811537157256,5.500039487949113,3.187483014181036e-05,0.004531841429751017,1.2048811537157256
3380,ENSMUSG00000022912,Pros1,0.8980310413796372,3.4664818177826637,0.0027541868809394334,0.06386022012375335,0.8980310413796372
3391,ENSMUSG00000022952,Runx1,1.4150095136860252,3.618486202306284,0.001964709738307811,0.051282993095327405,1.4150095136860252
3493,ENSMUSG00000023341,Mx2,1.095741826422353,3.4734538476474808,0.0027119082240650073,0.06304561345668915,1.095741826422353
3497,ENSMUSG00000023367,Tmem176a,0.9014246122765103,5.51066777619039,3.1168164959550784e-05,0.004531841429751017,0.9014246122765103
3544,ENSMUSG00000023918,Adgrf4,-0.7828531623495241,-5.4239767980644835,3.7436643089434297e-05,0.00483000473842959,0.7828531623495241
3574,ENSMUSG00000023982,Guca1a,1.4385389824575738,4.60280996007288,0.00022088011393720804,0.012152632715947199,1.4385389824575738
3579,ENSMUSG00000023992,Trem2,2.4572095925871107,5.676883435573293,2.1988854986394678e-05,0.0043594758003925186,2.4572095925871107
3626,ENSMUSG00000024079,Eif2ak2,1.0010453816432445,3.430702629517308,0.0029816221411563945,0.06779732304214507,1.0010453816432445
3690,ENSMUSG00000024210,Ip6k3,1.344151695092333,5.418613677433197,3.786455851294434e-05,0.004841450253339875,1.344151695092333
3738,ENSMUSG00000024300,Myo1f,1.763923836326039,5.608915215241404,2.535024425967991e-05,0.004428953660286084,1.763923836326039
3750,ENSMUSG00000024334,H2-Oa,1.8038451633593118,4.312153354836969,0.0004196380679923899,0.018015848442155036,1.8038451633593118
3752,ENSMUSG00000024338,Psmb8,1.452538196150509,5.881964024280771,1.4364766538267014e-05,0.004200861826751268,1.452538196150509
3775,ENSMUSG00000024397,Aif1,1.1113966648641072,5.299197203242203,4.8809788053879375e-05,0.005316350063029022,1.1113966648641072
3831,ENSMUSG00000024529,Lox,1.9463268649653922,4.476725986351236,0.00029159491882347434,0.014332012096490822,1.9463268649653922
3872,ENSMUSG00000024610,Cd74,2.7550660265941085,4.809079534906118,0.00014058443286164564,0.009476504609929508,2.7550660265941085
3897,ENSMUSG00000024669,Cd5,1.7345840022754169,4.98679170865738,9.553450593981322e-05,0.007525474809410733,1.7345840022754169
3906,ENSMUSG00000024696,Lpxn,1.1293512464901596,5.341889638974233,4.456591175903987e-05,0.005157751616931256,1.1293512464901596
3907,ENSMUSG00000024697,Gna14,0.9318222558412014,5.809866727691628,1.667408679992428e-05,0.004200861826751268,0.9318222558412014
3916,ENSMUSG00000024737,Slc15a3,2.262506400424216,5.51839462954049,3.0664525206106934e-05,0.004531841429751017,2.262506400424216
4029,ENSMUSG00000024965,Fermt3,1.0917896628001806,5.340423971785611,4.470514818969231e-05,0.005157751616931256,1.0917896628001806
4043,ENSMUSG00000024986,Hhex,0.977629022341135,4.392205489338225,0.00035147153034718415,0.016150299877541834,0.977629022341135
4057,ENSMUSG00000025017,Pik3ap1,1.2280993677219867,3.7012153147014444,0.0016342299274886172,0.04461510339490255,1.2280993677219867
4074,ENSMUSG00000025058,Tasl,1.3608111342575882,3.6782715093717644,0.00171990014554706,0.046261643396612616,1.3608111342575882
4118,ENSMUSG00000025161,Slc16a3,1.064206183584548,5.369390352922293,4.2034208620799405e-05,0.005121409341571763,1.064206183584548
4160,ENSMUSG00000025232,Hexa,1.0084937689625155,6.304196323186494,6.081086648128249e-06,0.004200861826751268,1.0084937689625155
4202,ENSMUSG00000025351,Cd63,0.8100438409869238,4.539145686730835,0.00025409987762197806,0.013344024823332747,0.8100438409869238
4268,ENSMUSG00000025492,Ifitm3,1.1546315443738506,4.211207617834776,0.0005249853808767883,0.020566644240565323,1.1546315443738506
4272,ENSMUSG00000025498,Irf7,1.660465380095172,3.966921616967039,0.0009040458227695967,0.029744775574703012,1.660465380095172
4289,ENSMUSG00000025534,Gusb,1.1932947201226494,6.038700494187827,1.0412206771011052e-05,0.004200861826751268,1.1932947201226494
4333,ENSMUSG00000025701,Alox5,1.1883868075778272,4.721848433057821,0.00017011250612936372,0.010458659131193808,1.1883868075778272
4402,ENSMUSG00000025877,Hk3,1.4805469329862035,4.407296043720934,0.0003399342630192838,0.01577998305091199,1.4805469329862035
4511,ENSMUSG00000026104,Stat1,0.9415758567204686,4.203025448723413,0.0005346136063457318,0.020686967289408855,0.9415758567204686
4522,ENSMUSG00000026126,Ptpn18,1.3776722857463484,4.935238034754484,0.00010683187213200326,0.008090336411026598,1.3776722857463484
4547,ENSMUSG00000026177,Slc11a1,2.1931643630004243,5.317545575390834,4.693728938075708e-05,0.005241825766604168,2.1931643630004243
4572,ENSMUSG00000026222,Sp100,1.1103162697975357,3.767283317640878,0.0014105655960942613,0.040015160680198135,1.1103162697975357
4606,ENSMUSG00000026285,Pdcd1,3.5839567444676588,4.80629836453908,0.00014144016662383753,0.009476504609929508,3.5839567444676588
4635,ENSMUSG00000026358,Rgs1,2.597890992676123,4.301649953666398,0.0004295230858128942,0.018350931838180432,2.597890992676123
4638,ENSMUSG00000026365,Cfh,1.0362987365468532,3.9601210522745967,0.0009178465535464199,0.029936048867516784,1.0362987365468532
4645,ENSMUSG00000026387,Sctr,1.026098504576474,3.681030349665041,0.0017093668716933936,0.04604851671912966,1.026098504576474
4649,ENSMUSG00000026395,Ptprc,1.7928747668352816,4.99277763283102,9.430427317827386e-05,0.007492619046649287,1.7928747668352816
4687,ENSMUSG00000026480,Ncf2,1.5071561908688966,6.148814306509794,8.321182361414403e-06,0.004200861826751268,1.5071561908688966
4712,ENSMUSG00000026536,Ifi211,2.5800242361693564,3.5306150242095207,0.0023886523550720137,0.058134856283097495,2.5800242361693564
4716,ENSMUSG00000026548,Slamf9,2.0967388727909237,5.977029096241464,1.1813240071423126e-05,0.004200861826751268,2.0967388727909237
4756,ENSMUSG00000026628,Atf3,1.2575104901831848,4.781647335011125,0.00014926071993392922,0.009647272539319345,1.2575104901831848
4772,ENSMUSG00000026656,Fcgr2b,2.0793182788419866,5.751445519526049,1.8824028642410754e-05,0.004200861826751268,2.0793182788419866
4788,ENSMUSG00000026683,Nuf2,0.9166075342132034,4.340539649242944,0.00039405733903672346,0.017396843758652643,0.9166075342132034
4806,ENSMUSG00000026728,Vim,0.9873529421977131,3.5212974801734003,0.0024386120116162693,0.05886362372772787,0.9873529421977131
4813,ENSMUSG00000026748,Plxdc2,1.0403876306230986,4.819909057691569,0.00013730223818810748,0.009354046304359678,1.0403876306230986
4834,ENSMUSG00000026786,Apbb1ip,1.1474868721808378,3.8558877531419116,0.001157820755342469,0.03486304987716359,1.1474868721808378
4915,ENSMUSG00000026928,Card9,0.7578836423531082,4.318910890843586,0.0004134001696279599,0.017834831278937292,0.7578836423531082
4938,ENSMUSG00000026979,Psd4,0.9942716559544446,4.406239262151593,0.0003407295858542062,0.01577998305091199,0.9942716559544446
5119,ENSMUSG00000027399,Il1a,0.8698588418072094,4.679152351583754,0.00018679368550389506,0.01106449003917273,0.8698588418072094
5172,ENSMUSG00000027514,Zbp1,2.67401736707291,3.7075994971472483,0.0016111570835157757,0.044350806144517724,2.67401736707291
5317,ENSMUSG00000027848,Olfml3,1.3272266884586477,5.206735575533696,5.947880227777268e-05,0.005929398114075135,1.3272266884586477
5382,ENSMUSG00000027995,Tlr2,2.355481007901974,5.72157622921563,2.0031479098359267e-05,0.004200861826751268,2.355481007901974
5409,ENSMUSG00000028037,Ifi44,1.8055058789747385,3.8786151401346673,0.0011006381797104493,0.03374771317392256,1.8055058789747385
5426,ENSMUSG00000028068,Iqgap3,1.3260222630767076,4.3600514740899605,0.00037739331794404307,0.017030959322564296,1.3260222630767076
5511,ENSMUSG00000028238,Atp6v0d2,3.278476993186571,3.9034253092451476,0.0010414368966336234,0.03252416644442528,3.278476993186571
5523,ENSMUSG00000028268,Gbp3,1.0879078891739795,3.77749691150229,0.0013788263736231325,0.03943175261358213,1.0879078891739795
5562,ENSMUSG00000028362,Tnfsf8,3.1265622559676007,4.851862196550424,0.00012806549382587818,0.008967125549831827,3.1265622559676007
5587,ENSMUSG00000028413,B4galt1,0.7757839357184384,3.668285336620192,0.0017585704781182298,0.047015115282418425,0.7757839357184384
5634,ENSMUSG00000028497,Hacd4,0.9023926952001144,3.600247117230001,0.002046074024113586,0.05246671829022581,0.9023926952001144
5674,ENSMUSG00000028581,Laptm5,1.6008388946837624,4.7620576601094005,0.00015578852170367464,0.009782521229399783,1.6008388946837624
5679,ENSMUSG00000028599,Tnfrsf1b,0.9210003365273637,3.3878891242052163,0.0032782537681239365,0.07266933132983273,0.9210003365273637
5822,ENSMUSG00000028859,Csf3r,1.916244882727214,4.735761727025221,0.0001650104141379573,0.010216171078821954,1.916244882727214
5833,ENSMUSG00000028874,Fgr,1.760174325708003,4.4986291998402885,0.00027783816004939955,0.013927427085430839,1.760174325708003
5889,ENSMUSG00000028970,Abcb1b,0.7731229827323387,4.8146395276086595,0.0001388894575391355,0.00942578645491556,0.7731229827323387
6022,ENSMUSG00000029204,Rhoh,1.0757895072587247,4.777878078983542,0.00015049474265726887,0.009658602579573778,1.0757895072587247
6030,ENSMUSG00000029217,Tec,0.8704877580847027,4.325077008709243,0.000407789971733394,0.017754323386490516,0.8704877580847027
6060,ENSMUSG00000029304,Spp1,1.5086766690581972,3.3910256786255903,0.003255567438158976,0.07236412381974727,1.5086766690581972
6088,ENSMUSG00000029371,Cxcl5,1.9327213732275372,5.427189924348336,3.7182651602728904e-05,0.00483000473842959,1.9327213732275372
6115,ENSMUSG00000029417,Cxcl9,1.8348017560704366,3.5493843735081305,0.0022910727722521254,0.05638211864210426,1.8348017560704366
6157,ENSMUSG00000029484,Anxa3,1.3099540668033052,6.6521678063227725,3.04816379543044e-06,0.004200861826751268,1.3099540668033052
6190,ENSMUSG00000029561,Oasl2,2.166907292457812,3.9568439952835357,0.0009245720821332253,0.03004433589178777,2.166907292457812
6212,ENSMUSG00000029605,Oas1b,1.6153079436482556,4.6956909285193404,0.00018014324721948193,0.010811658493835915,1.6153079436482556
6221,ENSMUSG00000029622,Arpc1b,1.0995880873285393,5.997618981877119,1.1325066346441735e-05,0.004200861826751268,1.0995880873285393
6282,ENSMUSG00000029759,Pon3,1.464516208911584,5.4705107275864036,3.3925762487633875e-05,0.004646689716258021,1.464516208911584
6289,ENSMUSG00000029771,Irf5,1.3337732028072946,5.114214459932842,7.255553334508926e-05,0.0063897535065682255,1.3337732028072946
6304,ENSMUSG00000029810,Tmem176b,0.7786648504783192,5.543056526088095,2.9112228090648364e-05,0.004531841429751017,0.7786648504783192
6307,ENSMUSG00000029816,Gpnmb,2.0410045476201915,4.289907981614335,0.00044085247218421375,0.018521052075453456,2.0410045476201915
6335,ENSMUSG00000029915,Clec5a,1.1894314248310582,5.219172357752016,5.791493674824803e-05,0.005806301471152481,1.1894314248310582
6339,ENSMUSG00000029919,Hpgds,1.1567752414867867,4.690430141456505,0.00018223217981057507,0.010899955297483381,1.1567752414867867
6343,ENSMUSG00000029925,Tbxas1,1.6826930925401882,5.5083328650759125,3.132202023273283e-05,0.004531841429751017,1.6826930925401882
6406,ENSMUSG00000030107,Usp18,1.948780435559121,4.43950869294986,0.00031657198519248817,0.015158369534979198,1.948780435559121
6415,ENSMUSG00000030124,Lag3,1.713454658039836,5.007994894350713,9.12490960029334e-05,0.007352010497587945,1.713454658039836
6464,ENSMUSG00000030263,Irag2,1.7735327473687723,5.441866679139955,3.604476505974643e-05,0.00483000473842959,1.7735327473687723
6508,ENSMUSG00000030341,Tnfrsf1a,0.8803469924066201,4.4861751615111745,0.0002855774631476438,0.014114886098711973,0.8803469924066201
6509,ENSMUSG00000030342,Cd9,1.3447404671359862,5.589316017083472,2.641447407359639e-05,0.004428953660286084,1.3447404671359862
6567,ENSMUSG00000030523,Trpm1,2.5736152596589528,4.7131587988156705,0.00017338016257748465,0.010585788818960957,2.5736152596589528
6588,ENSMUSG00000030560,Ctsc,1.3685547941433476,5.839888889807676,1.566922268566874e-05,0.004200861826751268,1.3685547941433476
6589,ENSMUSG00000030577,Cd22,2.3664527892666407,5.232182201558291,5.6324000751960544e-05,0.00577812205388572,2.3664527892666407
6590,ENSMUSG00000030579,Tyrobp,2.3574987704023074,5.355954051200293,4.3252193815969294e-05,0.005157751616931256,2.3574987704023074
6668,ENSMUSG00000030737,Slco2b1,0.9645572225279655,3.700748669149005,0.001635929265882797,0.04461510339490255,0.9645572225279655
6673,ENSMUSG00000030745,Il21r,1.192844504580721,3.89105469604039,0.0010705457475770324,0.0329664567469402,1.192844504580721
6699,ENSMUSG00000030789,Itgax,3.3491650067463503,5.186651884733681,6.209604931701396e-05,0.006046844825520785,3.3491650067463503
6702,ENSMUSG00000030793,Pycard,1.4363043035582879,5.154998115029405,6.646261050922557e-05,0.006204935250980345,1.4363043035582879
6705,ENSMUSG00000030798,Cd37,1.5232959233534096,5.137149032206112,6.906209131758549e-05,0.006346878131764562,1.5232959233534096
6756,ENSMUSG00000030921,Trim30a,1.617837547550012,3.765853456623144,0.0014150667570603664,0.040078415615297215,1.617837547550012
6807,ENSMUSG00000031097,Tnni2,1.3354376179984955,4.6403895015730825,0.0002033759255786453,0.011613489342508727,1.3354376179984955
6809,ENSMUSG00000031101,Sash3,0.8369168096963958,4.22827757250801,0.0005054576185471986,0.020132730652969118,0.8369168096963958
6822,ENSMUSG00000031138,F9,1.783346519842474,4.326773945683476,0.00040625956694918027,0.017743688264401695,1.783346519842474
6839,ENSMUSG00000031165,Was,1.154371388661048,4.9137290831041325,0.00011193991572408331,0.008299074844333823,1.154371388661048
6879,ENSMUSG00000031264,Btk,1.3066823115425261,5.741409756387976,1.9221137003085727e-05,0.004200861826751268,1.3066823115425261
6935,ENSMUSG00000031387,Renbp,0.9957012045620186,4.60917051164677,0.00021781330240933105,0.012127550851285978,0.9957012045620186
6937,ENSMUSG00000031389,Arhgap4,0.8026161591500545,4.628848577504928,0.00020859630306093707,0.011811081649482618,0.8026161591500545
6981,ENSMUSG00000031497,Tnfsf13b,1.1354809585479009,5.501109863370836,3.180292312652619e-05,0.004531841429751017,1.1354809585479009
6984,ENSMUSG00000031504,Rab20,1.1775065734502437,8.086299840228554,2.1027267027729242e-07,0.0009275653167607062,1.1775065734502437
7044,ENSMUSG00000031613,Hpgd,0.8614639880140198,4.229654158157527,0.0005039151087624721,0.020132730652969118,0.8614639880140198
7065,ENSMUSG00000031659,Adcy7,0.8168199998432953,3.60671616896013,0.0020168396076637968,0.052180549673354386,0.8168199998432953
7068,ENSMUSG00000031662,Snx20,1.1121316980469753,3.4115575130695577,0.0031108418841529874,0.07028272092942313,1.1121316980469753
7159,ENSMUSG00000031838,Ifi30,0.9402354893121065,5.308188025307199,4.788287430196038e-05,0.005313794446906232,0.9402354893121065
7243,ENSMUSG00000031995,St14,2.78543062996782,5.503995534354822,3.160989429478381e-05,0.004531841429751017,2.78543062996782
7251,ENSMUSG00000032011,Thy1,1.1397864070749206,5.220874186881781,5.7704237258998664e-05,0.005806301471152481,1.1397864070749206
7289,ENSMUSG00000032089,Il10ra,0.7892964561370752,4.803171888825341,0.00014240848147692542,0.009476504609929508,0.7892964561370752
7306,ENSMUSG00000032122,Slc37a2,1.368971911360928,4.296791471715655,0.0004341747556027126,0.018415897987042944,1.368971911360928
7423,ENSMUSG00000032359,Ctsh,1.3430839807522184,5.74459022995842,1.909436349100603e-05,0.004200861826751268,1.3430839807522184
7473,ENSMUSG00000032440,Tgfbr2,1.245600422396393,3.8953504153703316,0.0010603464633088986,0.03285254113319349,1.245600422396393
7562,ENSMUSG00000032596,Uba7,1.1537799585956907,4.204957367186998,0.0005323243216489591,0.020686121506336863,1.1537799585956907
7585,ENSMUSG00000032661,Oas3,2.57116403283511,4.234471243945122,0.0004985546807570743,0.020038718318812248,2.57116403283511
7734,ENSMUSG00000033207,Mamdc2,2.0510201500903094,4.7664028962610745,0.00015431593060008538,0.009736362946758325,2.0510201500903094
7740,ENSMUSG00000033220,Rac2,1.254904396302617,5.1174213925127345,7.205638258561346e-05,0.0063897535065682255,1.254904396302617
7772,ENSMUSG00000033355,Rtp4,1.6524997744519463,4.52808688264866,0.00026036737650037527,0.013478269400949601,1.6524997744519463
7782,ENSMUSG00000033386,Frrs1,1.2233171831205691,3.8308329494463385,0.0012243085644095477,0.03642988974537347,1.2233171831205691
7802,ENSMUSG00000033450,Tagap,1.4664964076950764,4.873759264301179,0.00012210350675055654,0.00872273836685656,1.4664964076950764
7821,ENSMUSG00000033538,Casp4,1.6392739021665106,3.9261400368130426,0.0009900357980872296,0.031476002986034535,1.6392739021665106
7857,ENSMUSG00000033685,Ucp2,1.116124853520635,5.581397698928886,2.685735571836843e-05,0.004428953660286084,1.116124853520635
7888,ENSMUSG00000033777,Tlr13,1.6234097120123185,4.798209000390217,0.00014395944161481382,0.0094968271745721,1.6234097120123185
7908,ENSMUSG00000033880,Lgals3bp,2.0443014309013336,4.652005748716328,0.00019825542193449778,0.011460315285157105,2.0443014309013336
7956,ENSMUSG00000034041,Lyl1,0.8052337171089138,3.9173436513811586,0.0010096325361465517,0.03186934901664741,0.8052337171089138
7975,ENSMUSG00000034116,Vav1,1.1579791994668738,3.4432405332468665,0.0028998857140285373,0.06671249468583251,1.1579791994668738
8014,ENSMUSG00000034227,Foxj1,0.7969332255308513,4.432305180533959,0.00032165117583328516,0.01526598350921232,0.7969332255308513
8050,ENSMUSG00000034330,Plcg2,1.1513253983676917,3.779220357437713,0.001373541415308551,0.03940835491564127,1.1513253983676917
8082,ENSMUSG00000034459,Ifit1,1.5386386071065512,4.0119793621865565,0.0008177196571258022,0.027962525872063524,1.5386386071065512
8139,ENSMUSG00000034652,Cd300a,1.0561603598810116,5.602288843951141,2.5705034769419547e-05,0.004428953660286084,1.0561603598810116
8157,ENSMUSG00000034708,Grn,1.1203508618315394,3.9523769435674914,0.0009338195002323879,0.030233477213945842,1.1203508618315394
8181,ENSMUSG00000034786,Gpsm3,1.0377699346764644,4.24536390957423,0.00048664447187802174,0.019694591069467186,1.0377699346764644
8183,ENSMUSG00000034792,Gna15,1.0075526595919584,5.4698765569047465,3.397126514011248e-05,0.004646689716258021,1.0075526595919584
8206,ENSMUSG00000034855,Cxcl10,2.8896292735948705,4.2551503006196825,0.00047618882454293323,0.01937525356663215,2.8896292735948705
8237,ENSMUSG00000034947,Tmem106a,1.9295265095954186,5.1035793826945905,7.423629746933897e-05,0.0063897535065682255,1.9295265095954186
8240,ENSMUSG00000034957,Cebpa,1.0725696447038326,4.210615534112783,0.0005256762001980709,0.020566644240565323,1.0725696447038326
8252,ENSMUSG00000035004,Igsf6,1.3861360389731716,5.928552570657058,1.3050116395349651e-05,0.004200861826751268,1.3861360389731716
8261,ENSMUSG00000035042,Ccl5,1.4185424467405099,3.652408574928174,0.0018218403201715287,0.04855947499913387,1.4185424467405099
8309,ENSMUSG00000035208,Slfn8,1.8134405889476837,4.651266199611766,0.00019857748069288807,0.011460315285157105,1.8134405889476837
8331,ENSMUSG00000035273,Hpse,1.820958944568727,4.518885425957015,0.0002657015789815486,0.013574863854889872,1.820958944568727
8355,ENSMUSG00000035352,Ccl12,1.9685034094889726,3.9999229845613296,0.0008399733847520139,0.028319607687996955,1.9685034094889726
8446,ENSMUSG00000035692,Isg15,1.5868440116230729,4.121276459537054,0.0006411459960982547,0.0234038834125468,1.5868440116230729
8448,ENSMUSG00000035697,Arhgap45,1.313458598650136,5.008626008082832,9.11245915953563e-05,0.007352010497587945,1.313458598650136
8469,ENSMUSG00000035778,Ggta1,1.2026815150189016,4.085582122402395,0.0006941359181023369,0.024843870740194188,1.2026815150189016
8614,ENSMUSG00000036362,P2ry13,0.7622928680599836,5.600202513805661,2.5817794345565474e-05,0.004428953660286084,0.7622928680599836
8679,ENSMUSG00000036594,H2-Aa,2.3988794114129646,4.806155803707853,0.0001414841735655241,0.009476504609929508,2.3988794114129646
8709,ENSMUSG00000036718,Micall2,0.7777765635086515,3.580869214628054,0.0021361870625431294,0.0541566389634677,0.7777765635086515
8762,ENSMUSG00000036887,C1qa,1.6693082544815092,5.898353387660437,1.3887395637523876e-05,0.004200861826751268,1.6693082544815092
8766,ENSMUSG00000036896,C1qc,1.5335451253396113,5.924841375261603,1.3150143536477349e-05,0.004200861826751268,1.5335451253396113
8770,ENSMUSG00000036905,C1qb,1.6834064520912224,6.027325835845965,1.0657095221550393e-05,0.004200861826751268,1.6834064520912224
8772,ENSMUSG00000036908,Unc93b1,1.0451297026791468,4.960610288271902,0.00010111083965565349,0.007778331713837471,1.0451297026791468
8898,ENSMUSG00000037318,Traf3ip3,1.6418502877709753,5.149075967752311,6.731381227024383e-05,0.006251327460570802,1.6418502877709753
8899,ENSMUSG00000037321,Tap1,1.330241819378585,4.095311601927259,0.0006792699140102142,0.024410830209185806,1.330241819378585
8928,ENSMUSG00000037405,Icam1,1.1472693509118421,3.8005907851105687,0.001309664882712739,0.03825999479381834,1.1472693509118421
8983,ENSMUSG00000037600,Kdf1,1.2203197972876405,3.7331528856165956,0.0015220101379989598,0.042292706905498655,1.2203197972876405
9013,ENSMUSG00000037686,Aspg,1.4451663166167676,5.509845327376291,3.122227022288202e-05,0.004531841429751017,1.4451663166167676
9028,ENSMUSG00000037731,Themis2,1.0944806622052763,4.283608192977894,0.00044705479373203865,0.018583817239272545,1.0944806622052763
9065,ENSMUSG00000037849,Ifi206,2.22601406622294,3.707944668294352,0.0016099189016643097,0.044350806144517724,2.22601406622294
9070,ENSMUSG00000037860,Aim2,0.8278019924342827,4.176184275280002,0.0005674659943337511,0.021679540462636995,0.8278019924342827
9175,ENSMUSG00000038147,Cd84,2.1384895895938967,5.666575170192152,2.2467593157058654e-05,0.00439714663778026,2.1384895895938967
9194,ENSMUSG00000038204,Asb10,2.853255660886173,5.2378481083041715,5.5645184047627473e-05,0.005756116966456724,2.853255660886173
9204,ENSMUSG00000038224,Serpinf2,2.6408971929629197,5.524754440641545,3.025626176628199e-05,0.004531841429751017,2.6408971929629197
9207,ENSMUSG00000038235,F11r,0.8489514039155365,4.546217449118653,0.00025017241996183907,0.013176992090228807,0.8489514039155365
9311,ENSMUSG00000038523,1700003F12Rik,0.8112056310350033,3.999373670283592,0.0008410016678101674,0.028319607687996955,0.8112056310350033
9360,ENSMUSG00000038642,Ctss,1.7534041488574272,5.932358857356888,1.2948340284620769e-05,0.004200861826751268,1.7534041488574272
9414,ENSMUSG00000038811,Gngt2,1.0634817527290503,4.427428720049032,0.0003251363168440788,0.015309704774728528,1.0634817527290503
9471,ENSMUSG00000039013,Siglecf,2.536717369617499,6.435184719557412,4.679972295570638e-06,0.004200861826751268,2.536717369617499
9571,ENSMUSG00000039264,Gimap3,1.2754402453669311,3.6249112303876463,0.0019368202900491174,0.05062991706358026,1.2754402453669311
9598,ENSMUSG00000039377,Hlx,1.2843095396312498,4.15607628515989,0.0005934036546401482,0.022230589142516806,1.2843095396312498
9748,ENSMUSG00000039853,Trim14,1.1725639618884691,3.774752322855994,0.001387284603345984,0.03948167230006433,1.1725639618884691
9755,ENSMUSG00000039899,Fgl2,1.370566127390533,5.340237190158795,4.472292419328321e-05,0.005157751616931256,1.370566127390533
9856,ENSMUSG00000040229,Gpr34,1.218791243633096,5.301174231511087,4.860440086135539e-05,0.005316350063029022,1.218791243633096
9891,ENSMUSG00000040345,Arhgap9,1.4205187486675408,5.8229470584065615,1.6228364001261764e-05,0.004200861826751268,1.4205187486675408
9951,ENSMUSG00000040528,Milr1,2.850126163599983,5.638245232865591,2.3839259819361792e-05,0.004428953660286084,2.850126163599983
9960,ENSMUSG00000040552,C3ar1,2.0831974944393723,5.226095750063201,5.7062650849646106e-05,0.005806301471152481,2.0831974944393723
9979,ENSMUSG00000040613,Apobec1,1.138086722146795,4.97409561700517,9.819832221786121e-05,0.007633081037595423,1.138086722146795
10031,ENSMUSG00000040747,Cd53,1.3884783405185686,5.598939903762052,2.588628115707707e-05,0.004428953660286084,1.3884783405185686
10033,ENSMUSG00000040751,Lat2,2.1616269972612705,5.7820804068084675,1.7663229958158564e-05,0.004200861826751268,2.1616269972612705
10076,ENSMUSG00000040913,Fbxw4,0.8201996772913412,3.614170597642096,0.001983666392286893,0.05154903312504009,0.8201996772913412
10216,ENSMUSG00000041515,Irf8,1.833929459547457,5.888840580394721,1.4162448762692269e-05,0.004200861826751268,1.833929459547457
10219,ENSMUSG00000041538,H2-Ob,1.9660575051544527,5.3521983106738364,4.359907422587746e-05,0.005157751616931256,1.9660575051544527
10269,ENSMUSG00000041707,Tmem273,1.1306575421397773,3.8446238106780926,0.0011872530057955824,0.035506914046208565,1.1306575421397773
10279,ENSMUSG00000041736,Tspo,0.8352989029882012,4.493573746610516,0.00028095380902160775,0.01400403943555443,0.8352989029882012
10304,ENSMUSG00000041827,Oasl1,1.4754812918803069,4.172778557220651,0.0005717773647269153,0.021790521815564623,1.4754812918803069
10315,ENSMUSG00000041859,Mcm3,0.7533240651689684,4.310956022027281,0.00042075320480837626,0.018019879366125726,0.7533240651689684
10601,ENSMUSG00000043008,Klhl6,1.9311038399118856,5.564318971545535,2.7838747413543535e-05,0.004506556863412621,1.9311038399118856
10615,ENSMUSG00000043091,Tuba1c,1.162517697495848,7.383823625957097,7.52644775184163e-07,0.0016600521322655693,1.162517697495848
10624,ENSMUSG00000043157,Arl11,1.9809067875538766,4.991055377496443,9.465656664792804e-05,0.007492619046649287,1.9809067875538766
10640,ENSMUSG00000043263,Ifi209,1.7812767702298768,3.792258808744466,0.0013342086816117544,0.03871551047837622,1.7812767702298768
10705,ENSMUSG00000043664,Tmem221,1.5332236221097904,3.5735541876127774,0.0021712190886463184,0.0546801219378334,1.5332236221097904
10715,ENSMUSG00000043740,Trem6l,1.7400937679032924,4.591369861321389,0.00022650685649581992,0.01233553544095291,1.7400937679032924
10739,ENSMUSG00000043943,Naalad2,1.199291340931651,3.82538159697885,0.0012392729911434755,0.0365668426901783,1.199291340931651
10769,ENSMUSG00000044092,C130050O18Rik,1.2678667029633817,4.01465176515042,0.0008128676068805942,0.027850580433802105,1.2678667029633817
10838,ENSMUSG00000044468,Tent5c,2.0339928259052833,4.892746275242736,0.00011716311831941755,0.008507585278790628,2.0339928259052833
10860,ENSMUSG00000044583,Tlr7,1.5310437402511474,4.412189225410207,0.0003362761197601006,0.015697230871587982,1.5310437402511474
10879,ENSMUSG00000044703,Phf11a,2.2774287859681586,3.5253994365161945,0.002416491455851511,0.05848970060150879,2.2774287859681586
10897,ENSMUSG00000044786,Zfp36,0.9770475562087594,4.334083277495632,0.0003997336036270488,0.017545520985072824,0.9770475562087594
10904,ENSMUSG00000044811,Cd300c2,1.5922640483676527,5.75506462425008,1.868290222367808e-05,0.004200861826751268,1.5922640483676527
10907,ENSMUSG00000044827,Tlr1,2.0972527392503064,6.636514850911636,3.143247403892783e-06,0.004200861826751268,2.0972527392503064
11024,ENSMUSG00000045502,Hcar2,3.537186428387211,4.649826590037097,0.0001992059268508934,0.011460315285157105,3.537186428387211
11151,ENSMUSG00000046223,Plaur,1.418448745253624,5.658684296422462,2.2841294332873873e-05,0.00439714663778026,1.418448745253624
11156,ENSMUSG00000046245,Pilra,1.1584686027439706,4.530301188962139,0.0002591000040025582,0.013478269400949601,1.1584686027439706
11231,ENSMUSG00000046718,Bst2,1.7268741390694355,4.990878727823402,9.469277684345655e-05,0.007492619046649287,1.7268741390694355
11249,ENSMUSG00000046805,Mpeg1,2.2382544973201646,5.58722472900032,2.653070837810729e-05,0.004428953660286084,2.2382544973201646
11267,ENSMUSG00000046879,Irgm1,0.8995643812633116,4.266201436472822,0.0004646541354562262,0.019022789373840165,0.8995643812633116
11300,ENSMUSG00000047109,Cldn14,1.0239205759836865,4.609038196279988,0.00021787665740196401,0.012127550851285978,1.0239205759836865
11311,ENSMUSG00000047180,Neurl3,1.131481923682206,4.276781521691775,0.00045387535480297185,0.018656558175029526,1.131481923682206
11349,ENSMUSG00000047407,Tgif1,1.7349392457501056,8.199512850313969,1.7225316794621047e-07,0.0009275653167607062,1.7349392457501056
11418,ENSMUSG00000047798,Cd300lf,2.2041014845181737,3.7044375997915657,0.0016225435350780942,0.04459467395086133,2.2041014845181737
11482,ENSMUSG00000048163,Selplg,0.9177164130475165,4.66086757037802,0.00019443730143273047,0.011360417827087846,0.9177164130475165
11500,ENSMUSG00000048277,Syngr2,0.8887671753150853,5.595635043377932,2.6066429277169446e-05,0.004428953660286084,0.8887671753150853
11546,ENSMUSG00000048521,Cxcr6,1.711486778861734,4.88277348142687,0.00011973208276839238,0.008623153471217485,1.711486778861734
11584,ENSMUSG00000048779,P2ry6,1.176144667535551,4.777768461574779,0.00015053078545666134,0.009658602579573778,1.176144667535551
11598,ENSMUSG00000048865,Arhgap30,0.9557113606047088,3.5866263132679315,0.002109011058112041,0.05375732140839175,0.9557113606047088
11639,ENSMUSG00000049130,C5ar1,1.4591764117375357,4.424698149317559,0.0003271044885277787,0.015309704774728528,1.4591764117375357
11716,ENSMUSG00000049625,Tifab,1.152055788367134,5.109082253925903,7.336171417731924e-05,0.0063897535065682255,1.152055788367134
11734,ENSMUSG00000049723,Mmp12,2.1744323051368646,5.711077045123666,2.0474588671046138e-05,0.004200861826751268,2.1744323051368646
11788,ENSMUSG00000050063,Klk6,0.9185493217444013,6.756120529359398,2.487769137485084e-06,0.003990607857356755,0.9185493217444013
11833,ENSMUSG00000050335,Lgals3,2.098795524670058,6.444486026688221,4.5941465021142056e-06,0.004200861826751268,2.098795524670058
11835,ENSMUSG00000050370,Ch25h,3.155099253350298,4.877252396722185,0.00012117891781723845,0.008691878068638912,3.155099253350298
11848,ENSMUSG00000050493,Fam167b,1.4889917129320007,7.7376409280050105,3.9273433401394533e-07,0.001385959464735213,1.4889917129320007
11961,ENSMUSG00000051212,Gpr183,1.7638542632794647,5.487523147851191,3.27281593615063e-05,0.004547152534911643,1.7638542632794647
12004,ENSMUSG00000051439,Cd14,2.168401473416366,6.0429031179134896,1.0323201655737575e-05,0.004200861826751268,2.168401473416366
12013,ENSMUSG00000051498,Tlr6,1.024596190287971,4.119000740128214,0.0006443995420824667,0.0234038834125468,1.024596190287971
12016,ENSMUSG00000051504,Siglech,0.9977660608244256,6.232502931176184,7.025114463350508e-06,0.004200861826751268,0.9977660608244256
12074,ENSMUSG00000052013,Btla,1.4646648479277422,3.9149150251790377,0.0010151111995217064,0.03198506627778663,1.4646648479277422
12091,ENSMUSG00000052142,Rasal3,1.6872388225209967,6.037317231648909,1.0441674918821167e-05,0.004200861826751268,1.6872388225209967
12096,ENSMUSG00000052160,Pld4,1.0119175378401564,5.329451235609122,4.5761806752724695e-05,0.005209465033237595,1.0119175378401564
12114,ENSMUSG00000052336,Cx3cr1,0.9312793169630054,4.091618343632454,0.0006848748923221992,0.024562230640295134,0.9312793169630054
12163,ENSMUSG00000052631,Sh2d6,0.7774571013648233,3.918601729389386,0.0010068061321446323,0.031837086382960636,0.7774571013648233
12171,ENSMUSG00000052688,Rab7b,1.7945421618088016,4.650630132637426,0.0001988549001900153,0.011460315285157105,1.7945421618088016
12181,ENSMUSG00000052749,Trim30b,1.6514940789395292,4.104207853812019,0.0006659574147446732,0.0240303038510629,1.6514940789395292
12184,ENSMUSG00000052760,A630001G21Rik,1.0540614945135771,4.00047064086002,0.0008389494614555545,0.028319607687996955,1.0540614945135771
12187,ENSMUSG00000052776,Oas1a,2.230218729362176,4.2942151072160355,0.00043666205919297196,0.01843277998674639,2.230218729362176
12242,ENSMUSG00000053158,Fes,1.4340724551824289,4.7701612890831475,0.00015305364731035565,0.00971450218270225,1.4340724551824289
12246,ENSMUSG00000053175,Bcl3,1.5050536452231549,4.167129071632654,0.000579002062447585,0.02187685522888145,1.5050536452231549
12265,ENSMUSG00000053318,Slamf8,1.3443341039716088,4.956519258666617,0.00010201171962898892,0.007792193908456751,1.3443341039716088
12418,ENSMUSG00000054520,Sh3bp2,1.3250250436030007,4.616005603999681,0.00021456584753176304,0.01205737063598076,1.3250250436030007
12428,ENSMUSG00000054626,Xlr,1.4095055395728966,4.892829853243923,0.00011714182793532189,0.008507585278790628,1.4095055395728966
12547,ENSMUSG00000055541,Lair1,1.3949641421410062,6.360697797799063,5.429983765173904e-06,0.004200861826751268,1.3949641421410062
12624,ENSMUSG00000056130,Ticam2,1.3051632561053317,4.522783391203869,0.00026342848164826463,0.013551590550098044,1.3051632561053317
12626,ENSMUSG00000056144,Trim34a,1.0760301199105817,5.345700947854394,4.420591912757748e-05,0.005157751616931256,1.0760301199105817
12651,ENSMUSG00000056290,Ms4a4b,1.142792073722676,3.3829564522545303,0.003314247013453842,0.07319134987783861,1.142792073722676
12656,ENSMUSG00000056313,Tcim,0.8025648713387205,4.853655684993861,0.0001275662108678138,0.008967125549831827,0.8025648713387205
12677,ENSMUSG00000056498,Tmem154,1.3208516357186153,4.392327975963811,0.00035137630796161094,0.016150299877541834,1.3208516357186153
12680,ENSMUSG00000056529,Ptafr,1.0289494729849953,4.744941389373704,0.0001617296585650118,0.010119573848863948,1.0289494729849953
12698,ENSMUSG00000056671,Prelid2,1.196959965826902,5.085365632985093,7.720780636280221e-05,0.0065317096991840875,1.196959965826902
12707,ENSMUSG00000056737,Capg,2.0440078856068813,6.363073005826445,5.404245173917648e-06,0.004200861826751268,2.0440078856068813
12724,ENSMUSG00000056888,Glipr1,1.0141880710110376,3.7438195169949866,0.0014862686950036193,0.041693499401174665,1.0141880710110376
12758,ENSMUSG00000057135,Scimp,2.2543946280243365,6.042857232546528,1.0324169189485455e-05,0.004200861826751268,2.2543946280243365
12812,ENSMUSG00000057596,Trim30d,1.8233274965327384,5.48960219383089,3.2584808344008854e-05,0.004547152534911643,1.8233274965327384
12869,ENSMUSG00000058163,Gm5431,1.8747449212411689,4.526569759161409,0.0002612393389132765,0.013478269400949601,1.8747449212411689
12937,ENSMUSG00000058715,Fcer1g,1.6749820642160906,6.089993748079646,9.377908980721816e-06,0.004200861826751268,1.6749820642160906
12971,ENSMUSG00000059089,Fcgr4,2.0754700568640825,4.126907481797035,0.0006331663252141312,0.02326331967674494,2.0754700568640825
12972,ENSMUSG00000059108,Ifitm6,1.2051815223081488,4.833781948030393,0.00013321137440381288,0.009253994887225505,1.2051815223081488
12998,ENSMUSG00000059336,Slc14a1,1.2682382788665083,4.997726287767729,9.329943723651439e-05,0.007483038954719529,1.2682382788665083
13022,ENSMUSG00000059498,Fcgr3,1.5426190164342337,5.86216663949571,1.4964017733719252e-05,0.004200861826751268,1.5426190164342337
13062,ENSMUSG00000059883,Irak4,0.7816921252504311,4.068311736184443,0.0007213343345009811,0.025567061218651852,0.7816921252504311
13129,ENSMUSG00000060441,Trim5,1.357344053954078,4.563441078119408,0.00024086249026867199,0.0128012609662371,1.357344053954078
13137,ENSMUSG00000060519,Tor3a,0.7911098594250005,4.559369749143307,0.00024303096241692492,0.012877721717257177,0.7911098594250005
13142,ENSMUSG00000060550,H2-Q7,1.6935009259159066,4.133730785836557,0.0006236308917547468,0.023020851642285577,1.6935009259159066
13146,ENSMUSG00000060586,H2-Eb1,1.9161296523251539,4.566955287462895,0.00023900653993465723,0.012779607264081899,1.9161296523251539
13173,ENSMUSG00000060802,B2m,1.4093607619807527,5.763570091989593,1.8355501823235296e-05,0.004200861826751268,1.4093607619807527
13214,ENSMUSG00000061232,H2-K1,1.194320322649918,4.438899322226461,0.00031699849013359726,0.015158369534979198,1.194320322649918
13306,ENSMUSG00000062082,Cd200r4,3.2815983539157494,4.699101970245395,0.000178801828554056,0.010767775647905523,3.2815983539157494
13333,ENSMUSG00000062310,Glrp1,1.6126285017311006,4.059112952674993,0.0007362558087781407,0.025878951685040424,1.6126285017311006
13351,ENSMUSG00000062488,Ifit3b,1.3119998870530816,4.254187002627255,0.0004772078625195242,0.01937525356663215,1.3119998870530816
13356,ENSMUSG00000062545,Tlr12,1.5906720663360707,3.9835515539000816,0.0008711681580009578,0.02889428975174229,1.5906720663360707
13361,ENSMUSG00000062585,Cnr2,2.065699117200712,5.617645463534193,2.489047414011595e-05,0.004428953660286084,2.065699117200712
13364,ENSMUSG00000062593,Gm49339,3.0236322098157085,4.824877324384199,0.00013582268022914096,0.009354046304359678,3.0236322098157085
13432,ENSMUSG00000063234,Gpr84,1.797243269014412,5.555661480161126,2.8350224663648255e-05,0.004531841429751017,1.797243269014412
13443,ENSMUSG00000063286,Gvin-ps7,1.986920398408866,4.125272462857892,0.0006354729432808763,0.02326331967674494,1.986920398408866
13469,ENSMUSG00000063458,Lrmda,0.8359328378374081,6.4760432007834465,4.31489147323573e-06,0.004200861826751268,0.8359328378374081
13547,ENSMUSG00000064109,Hcst,1.9051115487794332,4.675307975944312,0.00018837499649862618,0.011116644860261735,1.9051115487794332
13569,ENSMUSG00000064267,Hvcn1,1.6679762519481833,5.25220646685353,5.396220024124128e-05,0.005701574989561092,1.6679762519481833
13700,ENSMUSG00000066861,Oas1g,2.6372847830712765,4.074384042718296,0.0007116512872102176,0.025316707586339294,2.6372847830712765
13759,ENSMUSG00000067714,Lpar5,1.0740783936041958,3.8645158172704375,0.0011357704887174412,0.034599886381162605,1.0740783936041958
13803,ENSMUSG00000068129,Cst7,4.23147602320678,5.741132611996946,1.923222489563904e-05,0.004200861826751268,4.23147602320678
13818,ENSMUSG00000068245,Phf11d,1.7892710078790706,4.527823581612785,0.00026051849611505323,0.013478269400949601,1.7892710078790706
13831,ENSMUSG00000068335,Dok1,0.9721621194811967,5.737717261133311,1.9369406407442906e-05,0.004200861826751268,0.9721621194811967
13861,ENSMUSG00000068758,Il3ra,1.5994091796936116,4.530773548313749,0.00025883045661117697,0.013478269400949601,1.5994091796936116
13910,ENSMUSG00000069516,Lyz2,2.6117135309368416,5.704451057953357,2.075940978671915e-05,0.004210342364214476,2.6117135309368416
13932,ENSMUSG00000069792,Wfdc17,2.1572188443864673,4.944155097344486,0.00010478450930379413,0.007969494252868308,2.1572188443864673
13944,ENSMUSG00000069892,9930111J21Rik2,1.280461281824232,4.146137648930547,0.0006066613459958303,0.02253587252651879,1.280461281824232
13945,ENSMUSG00000069893,9930111J21Rik1,1.2016683583789305,3.8637291645252922,0.0011377633681131244,0.034599886381162605,1.2016683583789305
13958,ENSMUSG00000070031,Sp140,1.2716963453259016,5.368812906520102,4.208582343598218e-05,0.005121409341571763,1.2716963453259016
13959,ENSMUSG00000070034,Sp110,1.3290645580926255,4.793654138901442,0.00014539802132395492,0.009502029949115498,1.3290645580926255
14049,ENSMUSG00000070942,Il1rl2,1.1111422516579021,3.9584318206197198,0.000921307227876177,0.02999347977098735,1.1111422516579021
14060,ENSMUSG00000071042,Rasgrp3,0.78731854265729,3.8075367375323426,0.0012895489618091744,0.03782422803680822,0.78731854265729
14063,ENSMUSG00000071068,Treml2,2.2099962837793514,4.70953782885268,0.00017476056853025642,0.010633276661090946,2.2099962837793514
14078,ENSMUSG00000071203,Naip5,1.4927549091476082,4.44125318267955,0.0003153542080895957,0.015158369534979198,1.4927549091476082
14113,ENSMUSG00000071532,Gm10335,2.6672490837230725,3.9127887721738746,0.0010199321907620627,0.03207968539393333,2.6672490837230725
14149,ENSMUSG00000071715,Ncf4,1.156127747190092,5.179503496423158,6.30557918898172e-05,0.006046844825520785,1.156127747190092
14153,ENSMUSG00000071724,Smpd5,0.8407824287524448,3.9639621072101843,0.0009100259465582203,0.029791109141038583,0.8407824287524448
14168,ENSMUSG00000072115,Ang,1.5726957579882692,5.604398840706838,2.559151063596777e-05,0.004428953660286084,1.5726957579882692
14185,ENSMUSG00000072620,Slfn2,0.8597424240543127,5.062275425252462,8.115040349048631e-05,0.006754239950894485,0.8597424240543127
14263,ENSMUSG00000073411,H2-D1,1.3663358541507626,5.349669554174039,4.3834235363357304e-05,0.005157751616931256,1.3663358541507626
14267,ENSMUSG00000073418,C4b,2.7105816869233785,3.936505932280783,0.0009674310513941963,0.031150220623814954,2.7105816869233785
14268,ENSMUSG00000073421,H2-Ab1,2.4008612013449584,5.320327406314673,4.665988932908597e-05,0.005241825766604168,2.4008612013449584
14284,ENSMUSG00000073489,Ifi204,3.1855197705844494,4.5102720376243965,0.00027079524977480815,0.013691066424861002,3.1855197705844494
14285,ENSMUSG00000073490,Ifi207,3.123113590648067,3.9020428544797108,0.0010446501679890216,0.032566876703474,3.123113590648067
14344,ENSMUSG00000073902,Gvin3,2.010363260198749,3.4938408446125546,0.002591929849741177,0.06120878537519,2.010363260198749
14366,ENSMUSG00000074141,Il4i1,1.9713131036015916,5.947218116817426,1.255878294585228e-05,0.004200861826751268,1.9713131036015916
14399,ENSMUSG00000074336,Apoc4,2.7216961417843497,3.593430281111564,0.002077335604106022,0.05304571162728041,2.7216961417843497
14401,ENSMUSG00000074342,I830077J02Rik,0.7635578320128654,3.6712636481819017,0.001746947614181176,0.046775251369084746,0.7635578320128654
14406,ENSMUSG00000074361,C5ar2,1.2669561414836528,4.425015170443865,0.0003268753650564351,0.015309704774728528,1.2669561414836528
14477,ENSMUSG00000074802,Gas2l3,0.9205050118112063,3.646620515020432,0.001845465049148864,0.049014134902205055,0.9205050118112063
14496,ENSMUSG00000074896,Ifit3,1.589411910051755,4.291407580532322,0.0004393889209069295,0.01850362174081807,1.589411910051755
14568,ENSMUSG00000075593,Gal3st4,0.7933357626699866,3.9707920332409836,0.0008962845099283328,0.029560635846140996,0.7933357626699866
14695,ENSMUSG00000078853,Igtp,0.794568550347696,3.497252340080077,0.0025723726775157708,0.060925524690960776,0.794568550347696
14729,ENSMUSG00000078942,Naip6,1.8459836121368072,4.410997281588886,0.0003371635307640604,0.015697230871587982,1.8459836121368072
14730,ENSMUSG00000078945,Naip2,1.8047589508282909,5.876539091362356,1.4526474559531252e-05,0.004200861826751268,1.8047589508282909
14739,ENSMUSG00000079017,Ifi27l2a,2.480569207015531,4.704357294803887,0.00017675497672754134,0.010680964261498175,2.480569207015531
14758,ENSMUSG00000079110,Capn3,1.0246072033243103,6.452585375953914,4.520737304592634e-06,0.004200861826751268,1.0246072033243103
14776,ENSMUSG00000079293,Clec7a,4.14819554824494,5.165809578499059,6.493693917452288e-05,0.006146741300263872,4.14819554824494
14778,ENSMUSG00000079298,Klrb1b,2.18952305870958,4.4533812243536985,0.0003070180649198228,0.014861039056620652,2.18952305870958
14797,ENSMUSG00000079415,Cntf,1.05545198333878,4.583773484825636,0.00023032325970840257,0.012390408285227937,1.05545198333878
14828,ENSMUSG00000079547,H2-DMb1,1.437431591398284,5.583760708258129,2.672439676256347e-05,0.004428953660286084,1.437431591398284
15040,ENSMUSG00000084821,Gm15880,1.87728013453707,4.894703039666958,0.00011666569195864584,0.008507585278790628,1.87728013453707
15188,ENSMUSG00000085939,Cd63-ps,0.8381181024918948,4.221930683913998,0.0005126313382714665,0.020315816055831517,0.8381181024918948
15285,ENSMUSG00000086763,Plxna4os1,1.2273909555284916,4.258093660199495,0.0004730887351810777,0.019323265583958603,1.2273909555284916
15463,ENSMUSG00000089929,Bcl2a1b,2.2504831333779434,5.238215059380094,5.560151045934813e-05,0.005756116966456724,2.2504831333779434
15502,ENSMUSG00000090124,Ugt1a7c,1.8369885056390376,4.774348162507005,0.0001516598232236239,0.009695788336162477,1.8369885056390376
15550,ENSMUSG00000090675,Or5v1b,2.146508904555785,3.553661490260671,0.0022693955155511773,0.05592665345237503,2.146508904555785
15565,ENSMUSG00000090894,Or5v1,2.025851918830849,4.637728210457042,0.00020456783074016154,0.011643868946484356,2.025851918830849
15609,ENSMUSG00000091549,Gm6548,0.7707517422564599,3.71691427501004,0.0015780738683494357,0.043712893888580524,0.7707517422564599
15616,ENSMUSG00000091649,Phf11b,2.4715627250683667,4.320175202490983,0.0004122435243319804,0.017834831278937292,2.4715627250683667
15743,ENSMUSG00000093938,Evi2b,1.7630618363138384,4.373692408619012,0.00036616811101659234,0.01665215546105096,1.7630618363138384
15785,ENSMUSG00000094796,Tcstv4,1.66127918181824,3.6305822537487433,0.001912530923039057,0.05021816687057167,1.66127918181824
15832,ENSMUSG00000095687,Rnaset2a,0.7672083923968752,4.706750407342398,0.00017583081325563295,0.01066163127111905,0.7672083923968752
15878,ENSMUSG00000096727,Psmb9,1.0275484217294666,4.678980325628806,0.00018686415594635725,0.01106449003917273,1.0275484217294666
16061,ENSMUSG00000097415,AU020206,2.0125983503355993,4.459633246850178,0.0003028082926177976,0.01475981304762718,2.0125983503355993
16082,ENSMUSG00000097471,5830432E09Rik,1.454649558830892,4.0629539971488144,0.0007299878372583824,0.025761270776848314,1.454649558830892
16144,ENSMUSG00000097654,Gm26714,2.17544231270967,3.782562953251203,0.0013633488949629457,0.03917962744563709,2.17544231270967
16338,ENSMUSG00000099974,Bcl2a1d,2.176656809127173,4.6413241048590645,0.00020295902297514558,0.011613489342508727,2.176656809127173
16430,ENSMUSG00000102037,Bcl2a1a,2.0228902116755703,4.340176463545456,0.00039437446888416307,0.017396843758652643,2.0228902116755703
16639,ENSMUSG00000104713,Gbp6,1.5627048446073046,4.167815632440994,0.0005781191864962333,0.02187685522888145,1.5627048446073046
16746,ENSMUSG00000105987,AI506816,0.8355403237646329,3.9009391811504637,0.00104722258616546,0.03258949300333252,0.8355403237646329
16889,ENSMUSG00000107881,Gm44250,0.9044423835286126,3.4316281825626733,0.0029755112971109033,0.06774567333873792,0.9044423835286126
17081,ENSMUSG00000110235,,0.9672328477269247,6.249614824198958,6.786842889946031e-06,0.004200861826751268,0.9672328477269247
17198,ENSMUSG00000112023,Lilrb4b,1.748881921717214,4.6048324294794485,0.00021990023322168877,0.012152632715947199,1.748881921717214
17205,ENSMUSG00000112148,Lilrb4a,3.904377365245854,4.58971858393192,0.00022733095856850052,0.012342322350588282,3.904377365245854
17409,ENSMUSG00000115230,Gm33301,2.0488054988855664,4.130240847230361,0.0006284898166741724,0.023151780407548582,2.0488054988855664
17564,ENSMUSG00000117613,Gm2629,1.4595500619244306,6.488196562394156,4.2120798915314885e-06,0.004200861826751268,1.4595500619244306
