,gene_id,gene_name,feature,fc,log2fc,pval,qval,wt.MeanFPKM,tg.MeanFPKM,FPKM.tau_02,FPKM.tau_03,FPKM.tau_04,FPKM.tau_01,FPKM.tau_05,FPKM.tau_06,abs_log2fc
104,ENSMUSG00000000594,Gm2a,gene,1.72738724274268,0.788591540051896,0.0315307355468031,0.854048364349435,11.8719956666667,21.8482576666667,13.135883,12.274053,10.206051,22.183119,17.673895,25.687759,0.788591540051896
106,ENSMUSG00000000605,Clcn4,gene,3.31065194396875,1.72711534504335,0.0186347618944487,0.854048364349435,0.651901479300292,3.90384097321672,0.114231244897959,1.13537958857143,0.706093604431487,6.48190443451895,3.56698349037901,1.66263499475219,1.72711534504335
219,ENSMUSG00000001229,Dpp9,gene,0.500542203833245,-0.998436378085906,0.0317332044575163,0.854048364349435,5.049817,1.93610433333333,3.717873,6.177305,5.254273,1.844037,2.481996,1.48228,0.998436378085906
300,ENSMUSG00000001687,Ubl3,gene,0.455466677868862,-1.13458258516706,0.0287917293581844,0.854048364349435,11.657278584383,7.33471091631679,12.1381456691776,11.2052663852803,11.628423698691,3.72815933378612,3.80727696245987,14.4686964527044,1.13458258516706
306,ENSMUSG00000001750,Tcirg1,gene,0.508592607236971,-0.975417603327442,0.0296045238107647,0.854048364349435,1.75148651983594,0.314235564653244,2.13721286711409,1.1920229393736,1.92522375302013,0.775634378076063,0.158328348545861,0.0087439673378076,0.975417603327442
307,ENSMUSG00000001751,Naglu,gene,2.15900198324346,1.11036456861016,0.0539234025503361,0.854048364349435,0.431657607223476,1.71167558565337,1.04374898419865,0.0,0.251223837471783,2.83647711060948,1.72322768999248,0.575321956358164,1.11036456861016
329,ENSMUSG00000001855,Nup214,gene,1.99017202822301,0.992893141089297,0.0254881646449874,0.854048364349435,0.0921881699278738,1.17655233212548,0.0324872272491976,0.223806424163992,0.0202708583704317,0.872650333989026,1.75848647209856,0.89852019028885,0.992893141089297
408,ENSMUSG00000002308,Cd320,gene,0.592776595495273,-0.754439607819653,0.0553790078596705,0.854048364349435,3.0670823594393,1.58181922929527,3.19226802700617,2.55115296450617,3.45782608680556,1.61903366743827,0.902705023919753,2.22371899652778,0.754439607819653
434,ENSMUSG00000002459,Rgs20,gene,0.503688098445226,-0.989397452668127,0.0065513185832296,0.767506559197149,3.39744979830149,1.19660773303452,3.44240509506959,3.95498253927813,2.79496176055673,1.24767631328143,1.05268966784619,1.28945721797594,0.989397452668127
468,ENSMUSG00000002733,Plekha3,gene,0.550041399359624,-0.862387886426285,0.0383108421887317,0.854048364349435,9.08332241266795,5.55607763638302,9.87849501727447,8.83457861740243,8.53689360332694,4.17671940626999,3.62687545233525,8.86463805054383,0.862387886426285
546,ENSMUSG00000003208,Ccdc94,gene,2.56590251892445,1.35946636211283,0.05058094661927,0.854048364349435,0.356734,2.33719433333333,0.0,1.070202,0.0,2.026382,2.280976,2.704225,1.35946636211283
549,ENSMUSG00000003228,Grk5,gene,0.558967936424694,-0.839162565464316,0.0176697553543675,0.854048364349435,1.32952333333333,0.254107666666667,1.498586,1.409236,1.080748,0.240076,0.522247,0.0,0.839162565464316
619,ENSMUSG00000003657,Calb2,gene,0.590418071037895,-0.760191215972505,0.0083377671567748,0.826676541559504,6.941349,5.032611,5.515963,7.022691,8.285393,2.334599,4.412295,8.350939,0.760191215972505
656,ENSMUSG00000004018,Fancl,gene,0.552524414423413,-0.855889880538257,0.0261522146019321,0.854048364349435,1.01242915539739,0.291142983392645,1.24712992170819,0.633624049822064,1.15653349466192,0.0,0.0,0.873428950177936,0.855889880538257
722,ENSMUSG00000004561,Mettl17,gene,1.8527773575402,0.889689527630164,0.0282350084258354,0.854048364349435,0.517863726868178,1.71431159689337,0.465063175566751,0.260247109571788,0.828280895465995,2.21029663274559,1.54189917329975,1.39073898463476,0.889689527630164
802,ENSMUSG00000005089,Slc1a2,gene,0.0803714647511989,-3.63717281485306,0.0217360256469252,0.854048364349435,122.471674343841,7.31137252991193,44.1797973511003,157.983825731973,165.25139994845,7.96436229581969,10.3135579369527,3.65619735696338,3.63717281485306
832,ENSMUSG00000005357,Slc1a6,gene,2.52896666723596,1.33854802184485,0.0239259141417387,0.854048364349435,0.895952666666667,3.938472,1.55492,0.388263,0.744675,3.224275,3.689962,4.901179,1.33854802184485
890,ENSMUSG00000005699,Pard6a,gene,2.11848474249356,1.08303273832741,0.0340232986285789,0.854048364349435,1.1840715051282,4.40536022097902,1.03723896153846,1.15561023076923,1.35936532307692,2.1511555,5.79200708601399,5.27291807692308,1.08303273832741
934,ENSMUSG00000005986,Ankrd13d,gene,0.581502676153717,-0.782142263696502,0.0586074512079348,0.854048364349435,14.4218688289973,8.47842308265583,17.1311747654472,13.4381532520325,12.6962784695122,6.0041144402439,10.3738402747968,9.05731453292683,0.782142263696502
971,ENSMUSG00000006288,Ttc5,gene,0.225589143250727,-2.14823045691675,0.0628617852576225,0.854048364349435,7.86001266666667,2.66181833333333,4.912028,8.610663,10.057347,1.028949,0.0,6.956506,2.14823045691675
1048,ENSMUSG00000006705,Pknox1,gene,0.53861454632897,-0.892674901747957,0.0167441769926439,0.854048364349435,1.32733175033856,0.20368701334881,1.65146245821242,0.946154206616367,1.38437858618688,0.271918329077191,0.33914271096924,0.0,0.892674901747957
1125,ENSMUSG00000007812,Zfp655,gene,3.81050809218772,1.92998337913772,0.0157278621447388,0.854048364349435,0.333728911575563,3.74337563224961,0.179444797427653,0.147822300643087,0.673919636655949,4.67325762468739,5.17250218971061,1.38436708235084,1.92998337913772
1153,ENSMUSG00000008140,Emc10,gene,0.497935390971196,-1.0059695356712,0.0501037627961676,0.854048364349435,51.7715386826648,34.2890925007428,57.0524484562907,47.2518253507028,51.010342241001,22.2768753702434,19.810524896469,60.7798772355159,1.0059695356712
1205,ENSMUSG00000009013,Dynll1,gene,0.210794997731941,-2.24608746336266,0.0421344302846567,0.854048364349435,90.2205333063411,50.3010601162811,54.8608551534704,111.124574919794,104.676169845758,12.3541265686375,11.0947513293059,127.4543024509,2.24608746336266
1211,ENSMUSG00000009075,Cabp7,gene,5.32340008979899,2.41234799870334,0.0042591809022778,0.719091709001242,1.22731166666667,10.5054783333333,0.831779,1.924796,0.92536,12.209189,8.400759,10.906487,2.41234799870334
1364,ENSMUSG00000011267,Zfp296,gene,0.586331497570982,-0.770211534880105,0.0015313423967779,0.577419116388965,0.825973833578792,0.0613278969072165,0.83241729455081,0.865109469808542,0.780394736377025,0.0356651089837997,0.14831858173785,0.0,0.770211534880105
1437,ENSMUSG00000013584,Aldh1a2,gene,2.6204303488439,1.38980376258662,0.0042209518897643,0.719091709001242,0.0,1.453353,0.0,0.0,0.0,3.213255,1.146804,0.0,1.38980376258662
1520,ENSMUSG00000014748,Tex261,gene,0.292442422550452,-1.77377548686714,4.90966984785235e-05,0.134994879373735,7.59391698948141,1.42127368550228,7.86253114481409,8.04443092074364,6.8747889028865,1.66081798703522,1.44424326712329,1.15875980234834,1.77377548686714
1532,ENSMUSG00000014837,4931428F04Rik,gene,0.565286635929581,-0.822945504573713,0.0678855044891831,0.854048364349435,2.22780954964339,0.906524823573574,2.7136929321509,1.18025353490991,2.78948218186937,0.647974113175676,0.80030767454955,1.2712926829955,0.822945504573713
1564,ENSMUSG00000015127,Unkl,gene,0.524303276944063,-0.931526532027229,0.0150048380498391,0.854048364349435,3.2363611614666,0.993751674363946,4.09977725506787,3.50547189582232,2.10383433350961,2.29776375621364,0.679276265996827,0.0042150008813678,0.931526532027229
1700,ENSMUSG00000016206,H2-M3,gene,0.540340426229143,-0.888059471892016,0.0747304970229137,0.854048364349435,1.159723,0.421749,1.725115,0.582188,1.171866,0.0,0.0,1.265247,0.888059471892016
1730,ENSMUSG00000016510,Mtif3,gene,1.75291721871317,0.809757866621161,0.0479859312756242,0.854048364349435,1.42879836324036,2.75472014082309,1.82653983694168,1.84217647298615,0.617678779793251,4.86191881782719,2.19647236024966,1.20576924439243,0.809757866621161
1742,ENSMUSG00000016624,Phf21b,gene,0.459624079178066,-1.12147371378584,0.0174868710039504,0.854048364349435,2.09495580136022,0.342156239446529,2.54624175422139,2.33726541486867,1.40136023499062,0.337633534474672,0.617541278611632,0.0712939052532833,1.12147371378584
1754,ENSMUSG00000016933,Plcg1,gene,0.478804648997231,-1.0624909345594,0.0351476341437538,0.854048364349435,4.70288744631114,1.79318489703449,5.1474819994909,2.90882720605829,6.05235313338424,1.55097928713249,1.70161184128802,2.12696356268296,1.0624909345594
1778,ENSMUSG00000017188,Coa3,gene,3.73069484136811,1.89944435724663,0.0014457240866161,0.577419116388965,11.5897456666667,40.9926273333333,13.871222,12.123935,8.77408,56.224548,47.554295,19.199039,1.89944435724663
1787,ENSMUSG00000017291,Taok1,gene,6.73170951777663,2.75097292380024,0.0261094726822193,0.854048364349435,0.0151112872017819,6.09784079792287,0.0,0.0,0.0453338616053458,8.01044712478867,10.28307526898,0.0,2.75097292380024
1847,ENSMUSG00000017747,Ghdc,gene,0.51779135007682,-0.949557230277979,0.0538695341221791,0.854048364349435,1.03904240081724,0.0240245226597325,0.396622446136701,1.45428302340267,1.26622173291233,0.0720735679791976,0.0,0.0,0.949557230277979
1880,ENSMUSG00000018040,Rrp7a,gene,2.39450954299082,1.25973018524946,0.0723048187880156,0.854048364349435,11.356757465102,25.7288552680342,6.08037686878581,13.8273784119386,14.1625171145814,31.495252924598,27.0511069770837,18.640205902421,1.25973018524946
1914,ENSMUSG00000018363,Smurf2,gene,1.71045784912572,0.774382552158095,0.0534319550009893,0.854048364349435,0.182985187439143,0.819922563020664,0.0,0.529304101752678,0.0196514605647517,1.32282385994807,1.13694382911392,0.0,0.774382552158095
1916,ENSMUSG00000018377,Vezf1,gene,1.75905392193755,0.814799707778356,0.0602581578756696,0.854048364349435,0.0,0.675821521408389,0.0,0.0,0.0,0.759365346663769,1.2680992175614,0.0,0.814799707778356
1948,ENSMUSG00000018537,Pcgf2,gene,0.430686008023204,-1.21529164031951,0.0203765278329995,0.854048364349435,1.4897623662318,0.0326387869162413,2.30017319115145,1.1503475039705,1.01876640357345,0.0,0.0979163607487238,0.0,1.21529164031951
1952,ENSMUSG00000018548,Trim37,gene,0.587114635736687,-0.76828587389974,0.0433702175143431,0.854048364349435,40.8703531292856,22.1268573022826,42.5643999689493,37.3665267836152,42.6801326352925,39.3763266990574,18.9108937313557,8.09335147643471,0.76828587389974
2047,ENSMUSG00000019066,Rab3d,gene,2.38679059999982,1.25507200018865,0.0038027137881155,0.70167545672252,0.0095881908960915,1.23990263687639,0.0287645726882746,0.0,0.0,2.70761780767397,1.0120901029552,0.0,1.25507200018865
2049,ENSMUSG00000019082,Slc25a22,gene,0.578141388468102,-0.790505737979188,0.0012590231031003,0.576962325366002,24.121165649644,14.0184029474299,25.4892943384513,22.3004794002003,24.5737232102804,12.8943171952603,13.4625650483979,15.6983265986315,0.790505737979188
2188,ENSMUSG00000019864,Rtn4ip1,gene,2.68630891600369,1.42562521912137,0.0333409262035136,0.854048364349435,0.413148533333333,2.4974951122807,0.236884428070175,1.00256117192982,0.0,3.33025434035088,1.83827002105263,2.3239609754386,1.42562521912137
2245,ENSMUSG00000019984,Med23,gene,0.5091465334287,-0.97384716819961,0.058727324307794,0.854048364349435,3.065726384738,0.89645908657103,3.24396458696952,2.08904105140466,3.86417351583981,1.63402557919904,1.05535168051405,0.0,0.97384716819961
2254,ENSMUSG00000019998,Stx7,gene,1.76579396723009,0.820317019206165,0.0500154423706167,0.854048364349435,0.510083666666667,1.478691,0.818051,0.337132,0.375068,2.888015,0.945005,0.603053,0.820317019206165
2365,ENSMUSG00000020178,Adora2a,gene,2.89672698228469,1.53442371641187,0.0159500979450311,0.854048364349435,0.0,1.86084533333333,0.0,0.0,0.0,4.674762,0.907774,0.0,1.53442371641187
2386,ENSMUSG00000020219,Timm13,gene,0.279824169455598,-1.83740751605947,0.02378060075926,0.854048364349435,37.5181966666667,17.9089283333333,43.16959,41.195061,28.189939,5.266944,10.341288,38.118553,1.83740751605947
2549,ENSMUSG00000020482,Ccdc117,gene,0.279313095285699,-1.84004488052172,0.0671947050947075,0.854048364349435,5.25100066666667,1.98460433333333,6.14853,5.318252,4.28622,0.657239,0.0,5.296574,1.84004488052172
2613,ENSMUSG00000020604,Arsg,gene,2.39175122137921,1.25806733504271,0.0613756942257249,0.854048364349435,1.29916861708483,4.27563867144564,2.37177001945725,0.804183143625192,0.721552688172043,4.89252067588326,3.07290715821813,4.86148818023553,1.25806733504271
2644,ENSMUSG00000020648,Dus4l,gene,2.14695012738774,1.10228867847844,0.0022290904078878,0.662125900786492,0.0,1.07899233333333,0.0,0.0,0.0,1.505287,0.858111,0.873579,1.10228867847844
2650,ENSMUSG00000020654,Adcy3,gene,0.509151005979564,-0.973834495033462,0.0341118890280879,0.854048364349435,6.63688830275376,3.40963303789092,6.85286150576369,6.42959795885367,6.62820544364393,1.77590131011848,4.42298770637208,4.0300100971822,0.973834495033462
2668,ENSMUSG00000020681,Ace,gene,2.86501948921106,1.51854495290627,0.0254564439422837,0.854048364349435,0.171837508921253,2.06265692617111,0.0,0.51551252676376,0.0,3.11792043937961,3.07005033913372,0.0,1.51854495290627
2860,ENSMUSG00000020988,L2hgdh,gene,0.274806593683577,-1.86351147442686,0.0194960090371394,0.854048364349435,3.77777166666667,1.412866,4.279017,2.810721,4.243577,0.0,0.0,4.238598,1.86351147442686
2882,ENSMUSG00000021037,Ahsa1,gene,0.141082481737979,-2.82538923578838,0.0034493126894577,0.670595164989821,61.8325486666667,21.3629476666667,59.67387,59.144615,66.679161,4.246754,6.988741,52.853348,2.82538923578838
2930,ENSMUSG00000021120,Pigh,gene,0.315260988002812,-1.665381440239,0.0209702108373453,0.854048364349435,3.20666866666667,0.323350666666667,2.167454,4.657558,2.794994,0.456688,0.0,0.513364,1.665381440239
2935,ENSMUSG00000021130,Galnt16,gene,0.469833873373557,-1.08977736453775,0.0169240422446311,0.854048364349435,28.0837916666667,16.6562843333333,30.958536,20.498051,32.794788,9.785122,12.007101,28.17663,1.08977736453775
3037,ENSMUSG00000021306,Gpr137b,gene,2.43512627494993,1.28399658607375,0.0579178167563823,0.854048364349435,0.328256666666667,2.24017833333333,0.0,0.98477,0.0,1.93529,1.736331,3.048914,1.28399658607375
3069,ENSMUSG00000021371,Mcur1,gene,0.437543416579158,-1.19250191502657,0.0279492740119263,0.854048364349435,3.69918133333333,1.02287433333333,3.495535,4.432617,3.169392,0.771302,1.727504,0.569817,1.19250191502657
3132,ENSMUSG00000021494,Ddx41,gene,4.95312751048166,2.30833976136637,0.0198450391883973,0.854048364349435,0.784365,7.731377,1.497126,0.855969,0.0,6.380751,6.661138,10.152242,2.30833976136637
3141,ENSMUSG00000021508,Cxcl14,gene,0.326660169659382,-1.61413754013598,0.0554857288495383,0.854048364349435,33.2955466666667,9.96465866666667,16.240484,43.892952,39.753204,9.698013,8.289312,11.906651,1.61413754013598
3264,ENSMUSG00000021721,Htr1a,gene,2.84185096779111,1.50683089882196,0.0001967564628241,0.311446610317636,0.0,1.86309833333333,0.0,0.0,0.0,1.680003,2.078288,1.831004,1.50683089882196
3357,ENSMUSG00000021900,Btd,gene,0.521291637211133,-0.939837379113809,0.059419525419428,0.854048364349435,2.4880429919252,1.48165773225669,2.75437358946026,2.14148747981301,2.56826790650234,0.0495646629834254,1.76189916702082,2.63350936676583,0.939837379113809
3362,ENSMUSG00000021905,Dph3,gene,0.586951638888447,-0.768686455623667,0.055152359606996,0.854048364349435,4.2168943331458,2.96825706554149,3.15407487988748,5.24740814599156,4.24919997355837,1.04421487369902,2.6956579718706,5.16489835105485,0.768686455623667
3411,ENSMUSG00000021983,Atp8a2,gene,1.95361403613061,0.966145470806135,0.0426363632748051,0.854048364349435,0.0680994025549151,0.953254987225424,0.0431280741548528,0.0060299439164979,0.155140189593395,1.33577626343667,1.5239886982396,0.0,0.966145470806135
3522,ENSMUSG00000022177,Haus4,gene,1.83583201993422,0.876434057066069,0.0045515901275583,0.728290699934234,0.0,0.855353666666667,0.0,0.0,0.0,0.967857,0.616968,0.981236,0.876434057066069
3636,ENSMUSG00000022365,Derl1,gene,0.0866789462096322,-3.528174575653,0.0192997968929798,0.854048364349435,17.923049,6.62341833333333,18.803535,17.82254,17.143072,0.0,0.0,19.870255,3.528174575653
3653,ENSMUSG00000022389,Tef,gene,2.18805742417586,1.12965060124136,0.023578368385925,0.854048364349435,5.96343652799322,21.0532622554355,4.70383805594406,6.25995782924348,6.92651369879212,7.65654964539097,21.1024387040051,34.4007984169104,1.12965060124136
3665,ENSMUSG00000022415,Syngr1,gene,0.195085620844675,-2.3578206495933,0.0203906027513017,0.854048364349435,94.7295507534664,44.7448585872157,104.332786636855,103.216597953411,76.6392676701331,10.0433142986689,14.8925729781614,109.298688484817,2.3578206495933
3672,ENSMUSG00000022426,Josd1,gene,5.83137992083049,2.54383731899545,0.0397290568101072,0.854048364349435,0.0,7.407234,0.0,0.0,0.0,21.029095,1.192607,0.0,2.54383731899545
3692,ENSMUSG00000022451,Twf1,gene,0.386832628901284,-1.37021860522071,0.0067107681976017,0.767506559197149,11.083310442589,3.31838514691115,11.016162508186,11.8328114767518,10.4009573428291,4.35566748231827,4.38169368041912,1.21779427799607,1.37021860522071
3782,ENSMUSG00000022587,Ly6e,gene,1.9635602633516,0.973471876234168,0.0074184251390432,0.79766719916852,10.3269533785236,20.2178586469345,9.14039601982029,10.1632128631078,11.6772512526427,24.0728865042283,20.5856486329281,15.9950408036469,0.973471876234168
3865,ENSMUSG00000022752,Tomm70a,gene,1.95426301665332,0.966624647084049,0.0126000082391116,0.843460815192553,13.8147023333333,30.78579,12.123187,15.202822,14.118098,27.014187,24.439096,40.904087,0.966624647084049
3921,ENSMUSG00000022831,Hcls1,gene,0.468048804289608,-1.09526912483169,0.0172890422326797,0.854048364349435,1.17290613861386,0.0,0.690951464554455,1.6700967160396,1.15767023524752,0.0,0.0,0.0,1.09526912483169
4021,ENSMUSG00000023011,Faim2,gene,0.474975500226678,-1.07407499536598,0.0652172685512609,0.854048364349435,88.4245273333333,41.1644293333333,99.753334,78.786842,86.733406,35.34235,60.817478,27.33346,1.07407499536598
4067,ENSMUSG00000023089,Ndufa5,gene,0.560069292159128,-0.836322765449137,0.0546054840111865,0.854048364349435,46.55640662823,27.633477746124,32.3337837974806,55.4216354796512,51.9138006075581,22.3474464447674,25.2942068565891,35.2587799370155,0.836322765449137
4120,ENSMUSG00000023330,Dtwd1,gene,1.70690735560094,0.771384756524852,0.0156371050774823,0.854048364349435,1.80842132641975,3.84165738271605,1.95164046814815,2.06864280740741,1.4049807037037,3.73226162222222,3.45610104888889,4.33660947703704,0.771384756524852
4191,ENSMUSG00000023919,Cenpq,gene,0.510894156808077,-0.968903659428116,0.0005980833315271,0.435842603178819,1.00173466077829,0.0230541651305684,0.890805244239631,1.03474294316436,1.07965579493088,0.0,0.0691624953917051,0.0,0.968903659428116
4201,ENSMUSG00000023939,Mrpl14,gene,2.58926504139434,1.37254264941507,0.0003014780982348,0.311446610317636,2.54113493150685,7.3015243825079,2.95433051633298,2.69188929926238,1.97718497892518,11.582991085353,7.72149355637513,2.60008850579557,1.37254264941507
4429,ENSMUSG00000024308,Tapbp,gene,0.395065622774327,-1.33983578137553,0.0061056398052501,0.752533021115293,1.8952208387945,0.166948883697411,1.89250214927184,1.49441722390777,2.29874314320388,0.0165643932038835,0.354625632281553,0.129656625606796,1.33983578137553
4445,ENSMUSG00000024347,Psd2,gene,0.535272920528905,-0.901653426368311,0.0733558910841143,0.854048364349435,4.82130878223615,1.85310403120864,6.9362029199582,3.8619677061651,3.66575572058516,1.98821078432602,2.6020994938349,0.969001815464995,0.901653426368311
4516,ENSMUSG00000024483,Ankhd1,gene,2.06141163956827,1.04363262281282,0.0189068979026308,0.854048364349435,0.298678052852548,1.47003862031488,0.178761296089385,0.294806076993398,0.42246678547486,2.58962242407313,1.65988227841544,0.160611158456069,1.04363262281282
4661,ENSMUSG00000024761,Gm16437,gene,0.219962652665674,-2.18466950471906,0.0381979649231963,0.854048364349435,5.46874933333333,1.98781633333333,7.629741,4.61378,4.162727,0.0,0.0,5.963449,2.18466950471906
4787,ENSMUSG00000024965,Fermt3,gene,2.02012783637018,1.01444659152248,0.0060650584950022,0.752533021115293,0.0,0.862821,0.0,0.0,0.0,1.487005,1.101458,0.0,1.01444659152248
4919,ENSMUSG00000025198,Erlin1,gene,0.450087579311536,-1.1517223424565,0.029645105145246,0.854048364349435,2.67573569072096,0.651640159107707,2.01660054323725,3.59916828361218,2.41143824531345,0.395877045353759,1.03925470651078,0.519788725458577,1.1517223424565
4933,ENSMUSG00000025217,Btrc,gene,0.531043646584835,-0.913097653587282,0.0142532636979704,0.854048364349435,10.6164130571459,4.96561257704676,9.44523,9.80319294717697,12.6008162242606,5.47027973114028,5.417458,4.0091,0.913097653587282
4990,ENSMUSG00000025332,Kdm5c,gene,0.49079391299051,-1.02681073861854,0.0711407067586126,0.854048364349435,4.02591615879044,1.28440561003282,4.02173781504923,3.05765963122363,4.99835103009845,1.97834987088608,1.86781058902954,0.007056370182841,1.02681073861854
4999,ENSMUSG00000025353,Ormdl2,gene,1.68919539826207,0.756336222040191,0.0279450114407542,0.854048364349435,0.409739,1.105745,0.715014,0.514203,0.0,1.901336,1.125627,0.290272,0.756336222040191
5076,ENSMUSG00000025488,Cox8b,gene,1.9364466448574,0.953411751167405,0.0189046513627016,0.854048364349435,0.068759,1.350215,0.0,0.206277,0.0,0.895574,0.840197,2.314874,0.953411751167405
5179,ENSMUSG00000025757,Hspa4l,gene,2.08658210935063,1.06114169338932,0.0120874300321749,0.843460815192553,3.7629624940355,8.15650586838535,3.57910303841587,4.13472845200136,3.57505599168928,10.7562992692503,10.1028318643996,3.61038647150611,1.06114169338932
5244,ENSMUSG00000025898,Cwf19l2,gene,2.29579112656198,1.19899139010553,0.0556503807823112,0.854048364349435,0.320504666666667,1.91265866666667,0.0,0.0,0.961514,2.155071,1.775146,1.807759,1.19899139010553
5390,ENSMUSG00000026158,Ogfrl1,gene,5.37656215592956,2.42668398952506,2.4508789327804e-05,0.0943441336384487,1.30970581247174,11.4691748911909,1.21654470440252,1.41960883610803,1.29296389690467,11.5644779681835,11.0077376149957,11.8353090903934,2.42668398952506
5396,ENSMUSG00000026170,Cyp27a1,gene,1.73717848851435,0.796745993118687,0.024144767252339,0.854048364349435,0.16805560408038,0.838141562202792,0.0,0.452589137137598,0.0515776751035435,1.63710616474919,0.796757380579843,0.0805611412793373,0.796745993118687
5410,ENSMUSG00000026188,Tmem169,gene,2.31659662766694,1.21200685994447,0.0387037113281227,0.854048364349435,0.633363918795023,2.67267105162628,1.11440792141454,0.614485956777996,0.171197878192534,3.03258637066143,1.95916206254093,3.02626472167649,1.21200685994447
5610,ENSMUSG00000026548,Slamf9,gene,1.80974186814438,0.855783933714173,0.0007525188361321,0.451138854088655,0.0,0.811475666666667,0.0,0.0,0.0,0.889704,0.689255,0.855468,0.855783933714173
5809,ENSMUSG00000026864,Hspa5,gene,0.440309758599436,-1.18340927576132,0.0157862999951386,0.854048364349435,86.6664328277765,36.5035867672421,101.724989170017,73.8402501182313,84.4340591950816,45.2106946157484,29.6666718938283,34.6333937921494,1.18340927576132
5917,ENSMUSG00000027076,Timm10,gene,3.63142264050692,1.86053484693236,0.0029152150333661,0.662125900786492,4.29961266257669,20.2477658159509,5.22406280981595,3.24043472392638,4.43434045398773,16.2634701717791,17.2053100122699,27.2745172638037,1.86053484693236
6056,ENSMUSG00000027341,Tmem230,gene,0.539870577707424,-0.889314501090072,0.0094509121535361,0.843460815192553,4.93455080002041,2.6504253379247,5.39832512427303,4.95784684848485,4.44748042730334,1.69577173982247,2.22454820844812,4.03095606550352,0.889314501090072
6091,ENSMUSG00000027394,Ttl,gene,0.387901207627032,-1.36623882756452,0.0245482131942849,0.854048364349435,11.957450386319,5.62337365909728,13.0349296449117,11.2741723283431,11.5632491857023,3.57481100269134,2.90342588595458,10.3918840886459,1.36623882756452
6131,ENSMUSG00000027455,Nsfl1c,gene,0.482199343747125,-1.05229840739241,0.0385613885175327,0.854048364349435,8.14296893395513,4.78225364372742,9.59584423569448,4.97450942046887,9.85855314570204,2.26148110259642,3.33681242450214,8.74846740408369,1.05229840739241
6207,ENSMUSG00000027581,Stmn3,gene,2.0706046157873,1.05005209566345,0.0595483688363763,0.854048364349435,222.770309333333,496.503560333333,301.729248,193.103088,173.478592,416.694733,396.640594,676.175354,1.05005209566345
6215,ENSMUSG00000027598,Itch,gene,0.591751612486356,-0.756936362667819,0.0674659149759793,0.854048364349435,4.01568565983452,2.09096127373228,3.96528783983932,3.73507813049748,4.34669100916675,2.49672034236276,1.21514221145329,2.56102126738078,0.756936362667819
6352,ENSMUSG00000027864,Ptgfrn,gene,2.47592278666903,1.3079663238306,0.03777363717294,0.854048364349435,0.55129830740316,2.39532761971203,0.824784768539755,0.817733341360856,0.0113768123088685,3.08884757224771,3.68129922801988,0.415836058868502,1.3079663238306
6365,ENSMUSG00000027882,Stxbp3,gene,1.71854712456364,0.781189412630856,0.0716651197119005,0.854048364349435,0.48010266423221,2.08315167091136,0.712978929588015,0.125555490449438,0.601773572659176,0.707865906554307,2.36637006029963,3.17521904588015,0.781189412630856
6401,ENSMUSG00000027951,Adar,gene,0.530579666428793,-0.914358707116545,0.055526268929499,0.854048364349435,18.5521937663628,8.93542246632997,18.4250604433358,18.8616362394678,18.3698846162848,9.13894510593742,12.7862961304508,4.88102616260163,0.914358707116545
6517,ENSMUSG00000028136,Snx27,gene,0.455932904107406,-1.13310656443092,0.0090849531594425,0.843460815192553,10.8382275577984,4.03422615422597,11.1496223460645,10.3009152346791,11.0641450926518,7.41388164493175,3.78936693058379,0.899429887162358,1.13310656443092
6579,ENSMUSG00000028247,Coq3,gene,1.99229822439044,0.994433618613833,0.0046995868433954,0.730023273549975,1.35453834223112,3.27641987465243,1.65436287454121,1.46881764197531,0.940434510176844,4.28801151785118,3.86248665532199,1.67876145078412,0.994433618613833
6597,ENSMUSG00000028278,Rragd,gene,0.250839288019409,-1.99516476512182,0.0314709053977892,0.854048364349435,13.503109129712,2.21437115071847,21.2954139416199,7.38954070133385,11.8243727461821,2.32455909066306,2.98576514672337,1.33278921476899,1.99516476512182
6655,ENSMUSG00000028393,Alad,gene,2.0211325301063,1.01516392550699,0.0052508352339956,0.734838265559397,7.41290750187066,17.3209950682345,7.77480870016034,7.34174834526991,7.12216546018172,15.484317454837,14.2984559711384,22.180211778728,1.01516392550699
6664,ENSMUSG00000028407,Toporsos,gene,1.73800269901132,0.79743032257074,0.0465783991521258,0.854048364349435,0.625129346086956,2.00426333217391,0.764221617391304,0.543774208695652,0.567392212173913,2.0545575026087,1.21783144695652,2.74040104695652,0.79743032257074
6695,ENSMUSG00000028453,Fancg,gene,0.447618794401369,-1.15965748211996,0.0027476632725894,0.662125900786492,1.49736803241107,0.0858182313570487,1.76232150909091,1.60432714545455,1.12545544268775,0.145386078524374,0.0672422166007905,0.0448263989459816,1.15965748211996
6705,ENSMUSG00000028464,Tpm2,gene,1.683335790458,0.75132299301198,0.0534131224824725,0.854048364349435,0.34281726996677,1.30921285000573,0.641554856995531,0.227143881058783,0.159753071845995,1.30580341113785,0.919847870058439,1.7019872688209,0.75132299301198
6745,ENSMUSG00000028541,B4galt2,gene,0.541106755747723,-0.88601484132731,0.0470317119740266,0.854048364349435,5.27996478851123,3.02165949546147,4.30619964877758,5.63251198807394,5.90118272868217,1.31593652077122,3.7644876388392,3.984554326774,0.88601484132731
6749,ENSMUSG00000028546,Elavl4,gene,2.85355553806182,1.51276064211254,0.0201820768745783,0.854048364349435,2.62690001936761,8.55348589115773,2.81320543419343,1.93563910339707,3.13185552051234,11.6647956855393,10.6648648917765,3.33079709615742,1.51276064211254
6782,ENSMUSG00000028597,Gpx7,gene,1.8707714302416,0.903633301710263,0.0641755475550171,0.854048364349435,0.196681666666667,1.279297,0.248179,0.341866,0.0,1.606256,0.619356,1.612279,0.903633301710263
6834,ENSMUSG00000028675,Pnrc2,gene,0.438699250551135,-1.18869585314632,0.038836526757396,0.854048364349435,12.7255929643019,7.99031219777075,12.0548059376412,12.7928172480795,13.3291557071848,2.17898070899232,8.66609213782196,13.125863746498,1.18869585314632
6964,ENSMUSG00000028886,Eya3,gene,0.562553798886966,-0.829937022244791,0.0662331018933904,0.854048364349435,0.800371928103418,0.0,0.259000613423056,0.900825203470869,1.24128996741633,0.0,0.0,0.0,0.829937022244791
7009,ENSMUSG00000028962,Slc4a2,gene,0.573422384858055,-0.802329870299591,0.0547974422163138,0.854048364349435,1.61157169867019,0.435373256949451,1.85986992573901,1.73391558183129,1.24092958844028,0.38005283285268,0.900506844027878,0.0255600939677962,0.802329870299591
7081,ENSMUSG00000029073,Cptp,gene,0.360733165874988,-1.47099602401107,0.0673410762758455,0.854048364349435,5.79132528583733,3.31875375612157,7.7500803728313,5.05398928165375,4.56990620302695,0.822231760059062,0.828103096345515,8.30592641196013,1.47099602401107
7093,ENSMUSG00000029094,Afap1,gene,1.8032944239383,0.850634964866872,0.0297421742091299,0.854048364349435,0.0060500870619235,0.702543338076416,0.0,0.0181502611857708,0.0,0.939142008537549,1.16271704901186,0.0057709566798419,0.850634964866872
7222,ENSMUSG00000029304,Spp1,gene,2.48664920815355,1.31420300077864,0.0233009659057481,0.854048364349435,2.50325974737055,6.82260902912621,2.29837046359223,3.66736326031553,1.54404551820388,11.533872934466,5.07857312135922,3.8553810315534,1.31420300077864
7231,ENSMUSG00000029319,Coq2,gene,0.485485551873204,-1.04249973343659,0.0336508923158532,0.854048364349435,14.6250070091463,6.68065701244919,12.8039008452744,17.3949985034299,13.6761216787348,5.2893357496189,8.83345098628049,5.91918430144817,1.04249973343659
7483,ENSMUSG00000029714,Gigyf1,gene,3.52535171935412,1.81776720033545,0.0498293983227407,0.854048364349435,0.398750745140781,3.67190078443839,1.15212282652134,0.0,0.0441294089009991,2.65671318437784,5.97586915168029,2.38312001725704,1.81776720033545
7548,ENSMUSG00000029843,Slc13a4,gene,2.00370583739339,1.00267072306196,0.0601233818432225,0.854048364349435,0.0197730106007067,0.948223467756184,0.0422881258833922,0.0,0.0170309059187279,1.06246322548587,1.78220717778269,0.0,1.00267072306196
7863,ENSMUSG00000030499,Kctd15,gene,1.76337106579876,0.818336092615312,0.0018756924235607,0.633358808355691,0.741859002595564,1.99959774972471,0.677908119395942,0.757290261444078,0.790378626946673,2.38879155851817,1.82761264110429,1.78238904955168,0.818336092615312
7896,ENSMUSG00000030554,Synm,gene,0.398885912137492,-1.32595192370165,0.0511787265164784,0.854048364349435,4.6656232683306,1.23092621563931,4.3650046604059,5.09630975935964,4.53555538522627,2.73656569658389,0.329274876591453,0.626938073742594,1.32595192370165
8016,ENSMUSG00000030763,Lcmt1,gene,5.73870562996402,2.52072537247398,0.0003559944628767,0.311446610317636,0.216886168824497,7.25598631309083,0.0949653560419235,0.260817885635019,0.294875264796547,4.18530882706535,7.4505605095561,10.132089602651,2.52072537247398
8136,ENSMUSG00000031007,Atp6ap2,gene,0.464837032970225,-1.10520308390268,0.0010227040337573,0.503404112538902,83.2407054438503,39.4707760534759,90.1471095828877,79.8799430053476,79.6950637433155,35.0818239358289,39.694891144385,43.6356130802139,1.10520308390268
8285,ENSMUSG00000031311,Nono,gene,1.70367360333429,0.76864896469774,0.0076719969319121,0.811334752464354,13.1386655225905,22.7429213512381,14.4117032038857,12.5265423949714,12.4777509689143,25.2988950493714,20.3417527488,22.5881162555429,0.76864896469774
8300,ENSMUSG00000031343,Gabra3,gene,0.504150839975832,-0.988072647815127,0.0592581237930997,0.854048364349435,27.7189447060822,13.1898200324499,28.7719952370031,25.4123155479103,28.9725233333333,26.593128567788,8.62798836544343,4.34834316411825,0.988072647815127
8347,ENSMUSG00000031409,Tceal6,gene,3.82197281363241,1.93431751620726,0.0044031937719427,0.723065818212318,6.06967933333333,24.5880603333333,5.556756,6.082209,6.570073,44.457729,21.173639,8.132813,1.93431751620726
8438,ENSMUSG00000031557,Plekha2,gene,2.40539014775642,1.26627091419632,0.0352943113075144,0.854048364349435,0.167431554519926,1.60139261086216,0.0,0.119395911812153,0.382898751747625,2.80048597956623,2.00369185302025,0.0,1.26627091419632
8846,ENSMUSG00000032252,Glce,gene,2.86897856583329,1.52053718975819,0.0554943469541678,0.854048364349435,1.14386771787737,4.32680380950986,1.49795038825425,1.85433223550088,0.0793205298769772,4.51432412785589,4.70860319200351,3.75748410867018,1.52053718975819
8951,ENSMUSG00000032402,Smad3,gene,0.377672762247123,-1.40479135449814,0.0736754123430114,0.854048364349435,10.1024364332972,2.49621578190786,13.14306240166,12.7043534464092,4.45989345182245,2.86794957055215,3.80500461024901,0.815693164922411,1.40479135449814
8967,ENSMUSG00000032425,Zfp949,gene,1.98645284232021,0.990194544768412,0.0030584775001222,0.662125900786492,0.721531857177616,2.12197858783455,0.849131269586375,0.743536803649635,0.571927498296837,3.4897072,2.43461793090024,0.441610632603406,0.990194544768412
9009,ENSMUSG00000032501,Trib1,gene,3.56161918175738,1.83253326771382,0.0028060121845963,0.662125900786492,0.55840629753758,4.3935432303913,0.44645323512897,0.896199171258115,0.332566486225654,4.18295964256887,5.03104013195297,3.96662991665204,1.83253326771382
9045,ENSMUSG00000032560,Dnajc13,gene,2.40109071061559,1.26368990805946,0.0058310843022195,0.750558978364103,0.0441242110627129,1.30668906385771,0.0548033677332887,0.0536253871670297,0.0239438782878204,2.20777160102195,1.66987031789244,0.0424252726587368,1.26368990805946
9090,ENSMUSG00000032641,Gpr19,gene,1.68924444453684,0.756378110497989,0.0240942324764625,0.854048364349435,0.0853266746575342,0.722188644406393,0.0977274315068493,0.105012962328767,0.0532396301369863,1.55783412739726,0.422245112671233,0.186486693150685,0.756378110497989
9205,ENSMUSG00000032977,Fam207a,gene,0.365781991063082,-1.4509440478039,0.0244854033543838,0.854048364349435,13.6373156666667,6.938641,14.924029,12.793021,13.194897,3.453436,3.244595,14.117892,1.4509440478039
9324,ENSMUSG00000033361,Prrg3,gene,2.54089463559843,1.34533655175833,0.0088392870710272,0.843460815192553,0.0233870057499589,1.39895382372269,0.0701610172498768,0.0,0.0,2.20219954657467,1.93091697831444,0.0637449462789551,1.34533655175833
9358,ENSMUSG00000033460,Armcx1,gene,2.36657599769786,1.24280125199022,0.0543009923338968,0.854048364349435,5.91866635905382,14.8396027937197,6.33365626247288,8.10557609637434,3.31676671831422,12.6060743653548,15.7171088472265,16.1956251685776,1.24280125199022
9427,ENSMUSG00000033717,Adra2a,gene,0.443138825595485,-1.17416936084124,0.0384431633240208,0.854048364349435,1.54619133333333,0.098503,0.818399,2.288354,1.531821,0.0,0.295509,0.0,1.17416936084124
9470,ENSMUSG00000033845,Mrpl15,gene,0.366607678091444,-1.44769109343823,0.0477782322414331,0.854048364349435,9.2188252600055,4.92857166988728,10.8458328084129,8.57275981300813,8.2378831585955,2.11468036714976,1.75155395322258,10.9194806892895,1.44769109343823
9578,ENSMUSG00000034160,Ogt,gene,1.71867702194885,0.781298455454696,0.0434186333045335,0.854048364349435,2.95122102887922,5.35900517746012,3.24947628402735,2.81389684984462,2.79028995276569,6.18409472815413,7.20552889136109,2.68739191286513,0.781298455454696
9614,ENSMUSG00000034248,Slc25a37,gene,0.475294812819779,-1.07310543816615,0.0656595263824775,0.854048364349435,4.76470325322482,1.52516216032774,5.63955083607374,2.9789342190666,5.67562470453413,1.93255395615346,2.080899163428,0.562033361401761,1.07310543816615
9730,ENSMUSG00000034574,Daam1,gene,0.53613976512572,-0.899318952097722,0.0223201937420119,0.854048364349435,2.418927,2.21037033333333,1.32247,1.862921,4.07139,0.0,1.152714,5.478397,0.899318952097722
9792,ENSMUSG00000034738,Nostrin,gene,0.423419315729913,-1.23984101053919,0.0370412518030275,0.854048364349435,1.45479550406073,0.0,2.32748015254237,0.667570483050847,1.36933587658898,0.0,0.0,0.0,1.23984101053919
9825,ENSMUSG00000034818,Celf5,gene,0.311066911281543,-1.68470315378834,0.0363633079835328,0.854048364349435,15.0425240755349,3.72163884563087,11.0998865373425,14.7795766010798,19.2481090881824,4.05436226919616,5.71245012162567,1.39810414607079,1.68470315378834
9921,ENSMUSG00000035107,Dcbld2,gene,3.13831097383746,1.64998831539863,0.0050326471099658,0.730023273549975,0.0342378837439987,2.01540636313137,0.0366059240566599,0.0528582294964885,0.0132494976788478,3.62263221330794,2.41409756386145,0.0094893122247351,1.64998831539863
9963,ENSMUSG00000035215,Lsm7,gene,0.583924001670134,-0.776147481857998,0.0454080935244658,0.854048364349435,7.46861133333333,3.545304,10.918965,7.416213,4.070656,8.113095,2.522817,0.0,0.776147481857998
9969,ENSMUSG00000035235,Trim13,gene,0.26640340924537,-1.90831554975328,8.46082760725952e-05,0.200980978026513,3.2687534714538,0.134919464390818,3.31718076515597,3.50285164449676,2.98622800470865,0.112143881106533,0.152041553855209,0.140572958210712,1.90831554975328
10010,ENSMUSG00000035354,Uvrag,gene,0.522297210454389,-0.937057096469871,0.0020149871795889,0.662125900786492,3.39960884833057,1.52639629533296,3.6818127581627,2.9002245610404,3.6167892257886,0.978708930160487,1.42456347493082,2.17591648090758,0.937057096469871
10040,ENSMUSG00000035431,Sstr1,gene,2.35176333651329,1.23374288567697,0.0041538724153138,0.719091709001242,0.0,1.18450870381232,0.0,0.0,0.0,2.57605825219941,0.971815390029325,0.0056524692082111,1.23374288567697
10073,ENSMUSG00000035529,Prdm4,gene,2.02506958704229,1.01797148387673,0.0101886688278179,0.843460815192553,0.13738,1.08265366666667,0.0,0.41214,0.0,2.251001,0.99696,0.0,1.01797148387673
10097,ENSMUSG00000035597,Prpf39,gene,0.45813110848058,-1.12616756537158,0.0519184236302165,0.854048364349435,1.71177587730061,0.227925021131561,2.20299321267894,1.82484063758237,1.10749378164054,0.0,0.683775063394683,0.0,1.12616756537158
10115,ENSMUSG00000035666,Gtf3c4,gene,0.573749174456229,-0.80150792219318,0.0612021180888612,0.854048364349435,5.06818325454126,2.33908115896727,5.0003194406639,5.1080124637621,5.09621785919779,5.13221572116183,1.41516621701245,0.469861538727524,0.80150792219318
10130,ENSMUSG00000035713,Usp35,gene,2.29106354251089,1.1960174722585,0.0443876606151259,0.854048364349435,1.1315133001765,3.77776399634392,0.394847541603631,1.13041893229955,1.86927342662632,3.87845272503782,3.63830207942511,3.81653718456883,1.1960174722585
10161,ENSMUSG00000035828,Pim3,gene,0.477965990422842,-1.06502012771458,0.040045867725499,0.854048364349435,15.120482,6.55579666666667,18.648283,14.38707,12.326093,8.201412,4.650557,6.815421,1.06502012771458
10176,ENSMUSG00000035863,Palm,gene,3.56115373584055,1.83234471852806,0.0015158555061337,0.577419116388965,16.88654006639,66.3512924412172,18.8395275518672,14.4388392240664,17.3812534232365,61.6788944107884,56.654775659751,80.720207253112,1.83234471852806
10195,ENSMUSG00000035929,H2-Q4,gene,2.05640513376866,1.04012451886074,0.0331001896991265,0.854048364349435,0.0586622725988701,1.10919824717514,0.0,0.17598681779661,0.0,1.93122610169492,0.548003368644068,0.848365271186441,1.04012451886074
10250,ENSMUSG00000036103,Colec12,gene,2.17836579961057,1.1232462373293,0.0134536535701207,0.843460815192553,0.0,1.01682433333333,0.0,0.0,0.0,1.573111,1.477362,0.0,1.1232462373293
10316,ENSMUSG00000036304,Zdhhc23,gene,1.73319251635982,0.793431912416001,0.0225332568979764,0.854048364349435,0.0428055262778978,0.7760473174946,0.0,0.0,0.128416578833693,0.721280993520518,1.13878448812095,0.468076470842333,0.793431912416001
10344,ENSMUSG00000036402,Gng12,gene,2.09272387065382,1.06538196437949,0.0330926173019372,0.854048364349435,1.03440255130104,3.56428446759749,1.4355410780622,0.583989456314787,1.08367711952613,2.29644472244553,4.35799829299767,4.03841038734927,1.06538196437949
10353,ENSMUSG00000036437,Npy1r,gene,0.38606675276073,-1.37307777705542,0.0558934095087952,0.854048364349435,2.86923533333333,1.00133933333333,2.487993,0.949587,5.170126,0.0,0.410322,2.593696,1.37307777705542
10356,ENSMUSG00000036446,Lum,gene,1.75695481647247,0.813077090100256,0.0123295316959755,0.843460815192553,0.0,0.635919333333333,0.0,0.0,0.0,1.469285,0.438473,0.0,0.813077090100256
10479,ENSMUSG00000036833,Pnpla7,gene,0.495917197319085,-1.01182883917347,0.0180675683076872,0.854048364349435,1.30672610885806,0.12295065110281,1.03834908751334,1.89894859765208,0.982880641408751,0.131482339647812,0.0786455497598719,0.158724063900747,1.01182883917347
10649,ENSMUSG00000037251,Pomk,gene,4.31801890899372,2.11036956106578,0.000355092362095,0.311446610317636,0.891750333333333,7.40445866666667,1.084858,0.669032,0.921361,6.562575,7.560476,8.090325,2.11036956106578
10688,ENSMUSG00000037348,Paqr7,gene,2.54961088277847,1.35027708225203,0.0458335887409791,0.854048364349435,0.0487440416373171,1.55615803670658,0.0484414193472646,0.0,0.0977907055646865,1.83888525193707,2.77122510378023,0.0583637544024419,1.35027708225203
10746,ENSMUSG00000037492,Zmat4,gene,1.90262799648979,0.927993512172748,0.0557256569457674,0.854048364349435,0.59579686377858,2.83344400385078,0.504626027075812,0.622191746931408,0.66057281732852,1.9197574166065,1.31947596389892,5.26109863104693,0.927993512172748
10749,ENSMUSG00000037503,Fam168b,gene,0.1190713670448,-3.07010156320334,0.0027418068699212,0.662125900786492,50.457615671393,4.77636828983841,46.5489028150987,46.8624063333972,57.9615378656831,5.60680118585936,6.70097919007473,2.02132449358115,3.07010156320334
10825,ENSMUSG00000037720,Tmem33,gene,0.440692021540542,-1.18215731714673,0.0187937862206331,0.854048364349435,8.67964098154968,4.40591634438121,9.30212803336681,8.79536131413905,7.94143359714318,2.6659591660529,2.68720933244058,7.86458053465015,1.18215731714673
10829,ENSMUSG00000037730,Mynn,gene,0.529227767812404,-0.918039335171234,0.0342559958503064,0.854048364349435,1.21760759052829,0.488837026167948,1.48180318894145,0.820308903755174,1.35071067888823,0.0132860872264932,0.0142668568894145,1.43895813438794,0.918039335171234
10869,ENSMUSG00000037843,Vstm2l,gene,3.15923152675983,1.65957366999659,0.0030286630925704,0.662125900786492,14.0450666666667,48.8739333333333,15.82538,13.413612,12.896208,47.171135,39.930645,59.52002,1.65957366999659
10969,ENSMUSG00000038068,Rnf144b,gene,2.86262226365487,1.51733731256388,0.0334069586455437,0.854048364349435,0.0,1.93636558926289,0.0,0.0,0.0,5.15143857264593,0.657658195142735,0.0,1.51733731256388
11184,ENSMUSG00000038544,Inip,gene,2.00250010158847,1.00180231582309,0.0396125805347916,0.854048364349435,0.835238506533222,2.31209155562969,1.20078525154295,1.04040404553795,0.264526222518766,2.63169126355296,3.04067746071726,1.26390594261885,1.00180231582309
11216,ENSMUSG00000038615,Nfe2l1,gene,0.515826657467121,-0.955041762625205,0.0146923196810674,0.854048364349435,49.8758090899957,30.4541203751761,48.5064772488513,51.5526598577467,49.5682901633891,22.5392043984562,22.136474742143,46.6866819849292,0.955041762625205
11332,ENSMUSG00000038893,Fam117a,gene,2.01013230436107,1.00729046088873,0.0101099267341118,0.843460815192553,0.0,0.873285637834269,0.0,0.0,0.0,2.02018992868934,0.59966698481347,0.0,1.00729046088873
11379,ENSMUSG00000039037,St6galnac5,gene,0.512252993894584,-0.965071583705019,0.0665863603154331,0.854048364349435,9.86740736532267,5.468885674664,9.79863283338887,8.96069873392203,10.8428905286571,5.07262931689437,2.95330955748084,8.3807181496168,0.965071583705019
11409,ENSMUSG00000039100,March6,gene,0.378717054920161,-1.40080770272575,0.0014266541473753,0.577419116388965,33.3255623333333,13.3208453333333,31.67655,32.984097,35.31604,9.459712,14.511389,15.991435,1.40080770272575
11434,ENSMUSG00000039157,Fam102a,gene,0.394110711509983,-1.34332713396192,0.0087918005003033,0.843460815192553,13.0749609953292,6.76842573530058,13.2036104970326,12.4398726625453,13.5813998264095,3.47257715858886,3.90660177448071,12.9260982728322,1.34332713396192
11458,ENSMUSG00000039201,Tbc1d25,gene,0.581513686219016,-0.782114948231095,0.0124000986301223,0.843460815192553,4.76825841183488,2.11012855643045,4.99866931997137,4.33678995848246,4.96931595705082,3.04057419899785,2.38574598138869,0.904065488904796,0.782114948231095
11593,ENSMUSG00000039579,Grin3a,gene,0.426269426244026,-1.23016251175983,0.027718723326021,0.854048364349435,1.87827289431093,0.164226784331297,1.97294177344195,2.57799498126273,1.08388192822811,0.081156853197556,0.411523499796334,0.0,1.23016251175983
11628,ENSMUSG00000039680,Mrps6,gene,0.441646688964422,-1.17903539927283,0.0419821846836768,0.854048364349435,16.6004865014245,11.0852413732194,18.2228102735043,14.7491013333333,16.8295478974359,5.30096690598291,5.17778512820513,22.7769720854701,1.17903539927283
11631,ENSMUSG00000039684,Gm5422,gene,1.90247938772581,0.927880823039286,0.0106608274209827,0.843460815192553,1.29591733333333,3.07661666666667,1.313292,1.283436,1.291024,3.860536,3.861292,1.508022,0.927880823039286
11887,ENSMUSG00000040373,Cacng5,gene,2.20466409444735,1.14055886159187,0.0091498820854755,0.843460815192553,0.0294834507042254,1.09354675925926,0.0,0.0,0.0884503521126761,2.01648152190923,1.26415875586854,0.0,1.14055886159187
11973,ENSMUSG00000040584,Abcb1a,gene,0.491281897999423,-1.02537701302943,0.0014465165393571,0.577419116388965,1.81577850742092,0.322889039172749,1.97158943722628,1.5948414379562,1.88090464708029,0.521608187773723,0.355237086678832,0.0918218430656934,1.02537701302943
12034,ENSMUSG00000040720,1110037F02Rik,gene,3.14104489881048,1.65124456534844,0.0028692450461097,0.662125900786492,0.0,1.95218991921173,0.0,0.0,0.0,4.10210749845895,1.75446225917624,0.0,1.65124456534844
12089,ENSMUSG00000040859,Bsdc1,gene,0.1299249972785,-2.94424906610124,0.00142868726953,0.577419116388965,6.80213869253997,0.0042042422735346,4.66140096305506,7.81038157957371,7.93463353499112,0.0,0.0,0.0126127268206039,2.94424906610124
12214,ENSMUSG00000041313,Slc7a1,gene,0.385150765982826,-1.37650480035632,0.0354514205904,0.854048364349435,2.11479270563747,0.131483874501301,1.01395560910668,2.60549091335646,2.72493159444926,0.376778723937554,0.0121123873373807,0.0055605122289679,1.37650480035632
12231,ENSMUSG00000041360,Pum3,gene,0.268782153343495,-1.89549074597309,0.0045586458313837,0.728290699934234,5.51387666666667,2.252572,5.986583,5.236389,5.318658,0.0,0.992824,5.764892,1.89549074597309
12308,ENSMUSG00000041623,D11Wsu47e,gene,2.06369712942221,1.04523125470367,0.0474122152174381,0.854048364349435,0.181921147495102,1.19865306549118,0.545763442485307,0.0,0.0,1.7607402418136,1.83521895465995,0.0,1.04523125470367
12355,ENSMUSG00000041736,Tspo,gene,1.69989944548877,0.765449408842229,0.0092176085837857,0.843460815192553,1.8265243358706,3.64079284681256,1.97779914462417,1.83377063748811,1.66800322549952,4.63024258801142,3.07063922454805,3.22149672787821,0.765449408842229
12432,ENSMUSG00000041977,Arhgef11,gene,0.4628848112405,-1.11127487100787,0.0581814327950342,0.854048364349435,4.9927245990149,1.59038373798097,5.93644930563274,4.29755661366507,4.74416787774691,2.14750506592574,2.62364614801718,0.0,1.11127487100787
12451,ENSMUSG00000042050,Wdr60,gene,0.402379655158091,-1.31337073244904,0.0287778366090157,0.854048364349435,1.791325,0.264190333333333,0.82386,1.765717,2.784398,0.0,0.0,0.792571,1.31337073244904
12480,ENSMUSG00000042155,Klhl23,gene,2.79717843847607,1.48397228960004,0.0015600246299281,0.577419116388965,0.0,1.8370832071066,0.0,0.0,0.0,1.50699629969543,2.27089933949239,1.73335398213198,1.48397228960004
12535,ENSMUSG00000042298,Ttc19,gene,0.558443084464664,-0.84051784362332,0.0222803861752499,0.854048364349435,11.8819533650624,5.76283757604278,11.3562568012834,12.0464399713369,12.2431633225668,9.07246471636364,4.66433685475936,3.55171115700535,0.84051784362332
12684,ENSMUSG00000042705,Commd10,gene,0.544276216113186,-0.877589100612441,0.0234498213367287,0.854048364349435,8.03473366666667,4.01909333333333,6.195326,9.750429,8.158446,3.740339,3.707541,4.6094,0.877589100612441
12758,ENSMUSG00000042962,Gm5436,gene,0.526523396425859,-0.925430455074905,0.0052828819951229,0.734838265559397,14.3323513333333,7.55748033333333,16.042961,13.145382,13.808711,5.986881,7.815508,8.870052,0.925430455074905
12805,ENSMUSG00000043154,Ppp2r3a,gene,2.43509607632481,1.28397869473181,0.0053234166425526,0.734838265559397,0.0008736399839421,1.24400669741737,0.0,0.0,0.0026209199518265,2.2166183003613,1.51540179189081,0.0,1.28397869473181
12823,ENSMUSG00000043252,Tmem64,gene,0.182722730780336,-2.45227197792133,0.0078638946349779,0.819356424728483,8.27091166666667,2.77895566666667,7.605214,7.541687,9.665834,0.176077,0.323352,7.837438,2.45227197792133
12838,ENSMUSG00000043300,B3galnt1,gene,3.81185917615517,1.93049482186712,0.0679674302213773,0.854048364349435,1.18227333333333,6.36032233333333,0.63834,0.375825,2.532655,8.674035,8.628645,1.778287,1.93049482186712
12926,ENSMUSG00000043644,0610009L18Rik,gene,0.545049108142214,-0.875541874389563,0.0010461975633374,0.503404112538902,2.34426766666667,1.46482766666667,1.895193,2.29552,2.84209,0.284496,1.037521,3.072466,0.875541874389563
12931,ENSMUSG00000043668,Tox3,gene,1.79881175894047,0.847044220134498,0.0153721472145415,0.854048364349435,0.016205201231625,0.699647559793405,0.0486156036948749,0.0,0.0,1.058162,1.04078067938021,0.0,0.847044220134498
12932,ENSMUSG00000043670,Diras1,gene,0.0525511392692507,-4.25013414870274,0.0190006560237482,0.854048364349435,36.3338109198243,13.7139184881933,41.0469977324547,33.7008590382208,34.2535759887974,0.0632370112026359,0.0954466032948929,40.9830718500824,4.25013414870274
13085,ENSMUSG00000044216,Kcnj4,gene,0.0418367749673275,-4.57908454559832,0.0229890921197917,0.854048364349435,46.0839143333333,19.604585,55.539158,41.696289,41.016296,0.0,0.0,58.813755,4.57908454559832
13196,ENSMUSG00000044573,Acp1,gene,0.291491020289485,-1.77847665462925,0.0400998872873864,0.854048364349435,15.1638860039325,7.85823321007969,15.2852323117044,15.5046409155542,14.701784784539,2.89103215026389,2.18941251629929,18.4942549636759,1.77847665462925
13206,ENSMUSG00000044617,Zbtb39,gene,2.59898637426623,1.37794907019716,0.0247324009365144,0.854048364349435,0.0,1.43738666666667,0.0,0.0,0.0,1.975289,2.336871,0.0,1.37794907019716
13437,ENSMUSG00000045404,Kcnk13,gene,0.301048845064614,-1.73193051217005,1.12893121293478e-05,0.0590654502887651,2.32557224218081,0.0,2.441004562982,2.25764750417738,2.27806465938303,0.0,0.0,0.0,1.73193051217005
13472,ENSMUSG00000045532,C1ql1,gene,0.588078823812127,-0.765918553599006,0.0088447860122442,0.843460815192553,2.518046,0.855569333333333,3.19341,2.629383,1.731345,1.828646,0.738062,0.0,0.765918553599006
13535,ENSMUSG00000045757,Zfp764,gene,1.95772189731815,0.969175838559627,0.0205052102077279,0.854048364349435,0.0,1.14932231299841,0.0,0.0,0.0,1.01922093899522,0.588774,1.839972,0.969175838559627
13675,ENSMUSG00000046287,Pnma3,gene,1.98439006846755,0.988695641919689,0.010711158503916,0.843460815192553,0.0,1.59310833333333,0.0,0.0,0.0,0.323009,1.495918,2.960398,0.988695641919689
14042,ENSMUSG00000047606,Ankrd34c,gene,0.594148480142058,-0.751104583396314,0.0083844290675585,0.826676541559504,0.771528899629832,0.0457939124946902,0.641874394502094,0.659652719643182,1.01305958474422,0.0635634649553978,0.0738182725286729,0.0,0.751104583396314
14077,ENSMUSG00000047712,Ust,gene,0.312210770465929,-1.67940778745699,0.0120441941175187,0.843460815192553,2.86834433333333,0.192818333333333,2.919292,3.529464,2.156277,0.006707,0.571748,0.0,1.67940778745699
14100,ENSMUSG00000047789,Slc38a9,gene,2.09835671291079,1.0692599516056,0.0691532618602837,0.854048364349435,0.0228273333333333,1.07817066666667,0.068482,0.0,0.0,1.037145,2.11186,0.085507,1.0692599516056
14189,ENSMUSG00000048100,Taf13,gene,1.70715656176316,0.771595372672494,0.0065583975249492,0.767506559197149,3.84860092604332,7.05581820052826,3.34375144500792,4.10321897527734,4.09883235784469,7.49331017432647,7.58868737654517,6.08545705071315,0.771595372672494
14618,ENSMUSG00000049717,Lig4,gene,0.383911905816259,-1.38115279337472,0.0137065742333602,0.851001400869302,2.23594734717416,0.767388592848904,2.30818739331027,2.24063222145329,2.15902242675894,0.0,0.0741596170703576,2.22800616147636,1.38115279337472
14634,ENSMUSG00000049764,Zfp280b,gene,3.30429052905532,1.7243405409947,0.0013146813438702,0.577419116388965,0.0017436666666666,2.093352,0.0,0.0,0.005231,3.502907,1.725271,1.051878,1.7243405409947
14677,ENSMUSG00000049950,Rpp38,gene,0.463121029327533,-1.11053882668678,0.063738210958403,0.854048364349435,3.48812866666667,2.37416966666667,3.448155,3.372,3.644231,0.0,2.557035,4.565474,1.11053882668678
14706,ENSMUSG00000050074,Spink8,gene,0.502848391625337,-0.991804600660974,0.0056186966382161,0.743053096647627,1.31146758952497,0.370404995127893,0.939924923264312,1.21185255054811,1.78262529476248,0.0,0.117402036540804,0.993812948842875,0.991804600660974
14723,ENSMUSG00000050121,Opalin,gene,3.28332984950634,1.71515969305519,0.0058494231181283,0.750558978364103,1.610328,8.09909,1.656704,1.746798,1.427482,8.234749,5.730296,10.332225,1.71515969305519
14771,ENSMUSG00000050288,Fzd2,gene,4.50145004469844,2.17038980929065,0.0119835645028354,0.843460815192553,0.0,3.31891333333333,0.0,0.0,0.0,5.327562,4.629178,0.0,2.17038980929065
14814,ENSMUSG00000050471,Fam118b,gene,0.470916788299293,-1.08645593890017,0.0539055755177316,0.854048364349435,1.37625815783314,0.123344188262832,1.74352888680823,0.523263618458452,1.86198196823274,0.114250065875272,0.0,0.255782498913225,1.08645593890017
14842,ENSMUSG00000050587,Lrrc4c,gene,5.78171669490722,2.53149791824665,0.0482403861184394,0.854048364349435,1.28586822582505,10.5346700658596,0.241105766536965,3.01301761392131,0.603481297016861,14.7070053026373,16.1175370505837,0.779467844357977,2.53149791824665
14877,ENSMUSG00000050721,Plekho2,gene,2.76492399170142,1.46723982103768,0.0348867881649471,0.854048364349435,0.436978666666667,2.71376533333333,0.172828,0.508491,0.629617,4.388114,3.593026,0.160156,1.46723982103768
14892,ENSMUSG00000050777,Tmem37,gene,1.85634600662335,0.892465641238737,0.0642154159895324,0.854048364349435,0.243144,1.17666,0.0,0.729432,0.0,1.299097,1.117464,1.113419,0.892465641238737
15029,ENSMUSG00000051242,Pcdhb9,gene,4.78814312745993,2.25946627805218,0.0082290078022273,0.820641000878082,0.0,3.60847966666667,0.0,0.0,0.0,6.251769,4.57367,0.0,2.25946627805218
15130,ENSMUSG00000051617,Krt9,gene,2.36456914688602,1.24157733101582,0.0638632616822444,0.854048364349435,0.735583,2.76105833333333,1.336125,0.870624,0.0,2.728693,2.747563,2.806919,1.24157733101582
15142,ENSMUSG00000051675,Trim32,gene,0.0262406084999972,-5.25205501441669,0.000745326523691,0.451138854088655,54.5100885248271,1.34596233033963,58.2428477045525,54.4600942849179,50.8273235850108,0.136674499845153,0.174393453081449,3.72681903809229,5.25205501441669
15199,ENSMUSG00000051950,B3glct,gene,0.482803631137365,-1.05049156833012,0.016519281811705,0.854048364349435,2.60472563033208,1.54920682812283,3.03938354272614,2.18368154877032,2.59111179949979,0.0716331621508962,1.15628292100875,3.41970440120884,1.05049156833012
15232,ENSMUSG00000052125,F730043M19Rik,gene,2.44344090810844,1.28891421503691,0.0132922164048002,0.843460815192553,0.0,1.26302557223427,0.0,0.0,0.0,1.96146554446855,1.82761117223427,0.0,1.28891421503691
15236,ENSMUSG00000052137,Rbm12b2,gene,2.39330682206314,1.25900536231469,0.0325680883541035,0.854048364349435,0.0415775366205306,1.34519993656286,0.0102010510380623,0.0449354904844291,0.0695960683391003,1.77219384861592,2.23144614532872,0.0319598157439446,1.25900536231469
15250,ENSMUSG00000052188,Gm14964,gene,1.91690759779569,0.93878079531861,0.0143163341418877,0.854048364349435,0.0,0.780183446491228,0.0,0.0,0.0,1.19342785789474,1.14712248157895,0.0,0.93878079531861
15285,ENSMUSG00000052364,B630019K06Rik,gene,0.146235939739657,-2.77363017544262,0.0675241916359406,0.854048364349435,7.55255133333333,0.0,1.111657,11.546141,9.999856,0.0,0.0,0.0,2.77363017544262
15310,ENSMUSG00000052430,Bmpr1b,gene,2.44935134180583,1.29239973295666,0.0096156247818863,0.843460815192553,0.0436909109359275,1.35179691143911,0.0,0.131072732807783,0.0,2.2077571338477,1.84763360046964,0.0,1.29239973295666
15347,ENSMUSG00000052593,Adam17,gene,1.77756330678207,0.829900941422277,0.0080190889421414,0.819356424728483,0.0101624453452614,0.666632796058149,0.0304873360357842,0.0,0.0,1.49757047302209,0.502327915152362,0.0,0.829900941422277
15569,ENSMUSG00000053646,Plxnb1,gene,5.15255115489964,2.36528692301609,0.0198454969741417,0.854048364349435,0.0141763653391715,4.15709378975535,0.008434623853211,0.0137190951834862,0.0203753769808173,5.95226495089658,6.51493802387406,0.0040783944954128,2.36528692301609
15589,ENSMUSG00000053746,Ptrh1,gene,1.75133148393974,0.808452176275492,0.0159844712061901,0.854048364349435,0.0347721750367107,0.755335765051395,0.0,0.104316525110132,0.0,1.18628915594714,0.478471006167401,0.601247133039647,0.808452176275492
15611,ENSMUSG00000053841,Txlna,gene,0.438029441653669,-1.19090025268592,0.0042447870889873,0.719091709001242,7.47093277256295,3.28856520643231,6.84439314023934,8.15946015706806,7.40894502038145,2.28024074981301,2.46773100112191,5.117723868362,1.19090025268592
15874,ENSMUSG00000055013,Agap1,gene,2.23724109118547,1.16172073351636,0.0216239434637902,0.854048364349435,0.0,1.13369255710115,0.0,0.0,0.0,2.8325452748297,0.568532396473754,0.0,1.16172073351636
15999,ENSMUSG00000055633,Zfp580,gene,0.228738540603844,-2.12822862614914,0.0566570931541793,0.854048364349435,5.65316509591945,3.12154855749868,4.30704999682035,8.11597670588235,4.53646858505564,0.0,0.0,9.36464567249603,2.12822862614914
16017,ENSMUSG00000055723,Rras2,gene,1.87614447242697,0.907770926802471,0.0564470901493384,0.854048364349435,0.678817794503845,2.17890141389983,0.56913279403489,0.210059186831739,1.25726140264491,1.8872968556556,2.34998410241981,2.29942328362409,0.907770926802471
16128,ENSMUSG00000056204,Pgpep1,gene,0.584600515695628,-0.774476993093384,0.0411725974412958,0.854048364349435,1.60865824960832,0.645387734912578,1.84728966704268,1.38001897349126,1.59866610829103,0.588062288024065,0.23945886820831,1.10864204850536,0.774476993093384
16161,ENSMUSG00000056342,Usp34,gene,2.43496736075295,1.28390243399326,0.0407427346315075,0.854048364349435,0.129431187232428,1.59381200424502,0.0475677130005961,0.121416450712621,0.219309397984068,2.10668891015011,2.60214634953666,0.0726007530482848,1.28390243399326
16288,ENSMUSG00000056938,Acbd4,gene,0.506284078009137,-0.981980980851871,0.0211316312007293,0.854048364349435,2.49220177675633,1.03251992690954,3.22293860435819,1.77984949846782,2.47381722744297,0.448414519918284,0.787753187606401,1.86139207320395,0.981980980851871
16345,ENSMUSG00000057176,Ccdc189,gene,0.539320617761523,-0.890784906998965,0.0245204418281668,0.854048364349435,2.37561972222222,0.943936463903483,2.76730661471103,1.93977928429656,2.41977326765908,0.864275891418564,0.530005896088733,1.43752760420315,0.890784906998965
16498,ENSMUSG00000057895,Zfp105,gene,1.80943016844153,0.855535430679716,0.071235208837918,0.854048364349435,0.0667332582159624,0.822694258215962,0.0,0.200199774647887,0.0,0.933487408450704,1.53459536619718,0.0,0.855535430679716
17050,ENSMUSG00000060301,2610008E11Rik,gene,0.548353079406925,-0.866822964694633,0.00672310141719,0.767506559197149,4.042482,1.525465,4.348187,4.307966,3.471293,2.772832,1.803563,0.0,0.866822964694633
17141,ENSMUSG00000060716,Plekhh1,gene,3.06758459094606,1.61710312783462,0.0172491582028869,0.854048364349435,0.0794356666666667,2.080749,0.238307,0.0,0.0,3.148046,3.094201,0.0,1.61710312783462
17346,ENSMUSG00000061740,Cyp2d22,gene,0.494546545856073,-1.01582178357832,0.0132542106751031,0.843460815192553,1.243737,0.059209,1.177545,1.726046,0.82762,0.177627,0.0,0.0,1.01582178357832
17549,ENSMUSG00000062563,Cys1,gene,0.565997527959865,-0.821132342904112,0.0098995764901029,0.843460815192553,1.01082806059461,0.239595854119426,1.09425328231292,0.713623243764172,1.22460765570673,0.0725927369614512,0.064447,0.581747825396825,0.821132342904112
17762,ENSMUSG00000063543,Gm5616,gene,1.75890722846414,0.814679391528289,0.0251149715458814,0.854048364349435,0.0,0.671892,0.0,0.0,0.0,1.371854,0.360866,0.282956,0.814679391528289
17827,ENSMUSG00000063808,Gpatch1,gene,0.394672094228761,-1.34127357956069,0.0181207180398298,0.854048364349435,5.845072901697,1.73786052914798,6.09345008441045,5.13986668926405,6.30190193141651,1.29412337747296,2.64815507385914,1.27130313611184,1.34127357956069
18187,ENSMUSG00000064702,Gm24950,gene,5.72421864589591,2.51707877921435,0.0585089557183986,0.854048364349435,0.893298333333333,10.1829733333333,0.232367,0.0,2.447528,5.19689,17.787554,7.564476,2.51707877921435
18944,ENSMUSG00000065944,Rnu2-10,gene,5.01934756142136,2.32749984802573,0.0544230777190231,0.854048364349435,0.667624,7.50571066666667,0.174276,0.0,1.828596,4.485983,13.040429,4.99072,2.32749984802573
19105,ENSMUSG00000066735,Vkorc1l1,gene,1.86906753181224,0.902318696450915,0.0673497029478187,0.854048364349435,0.195655862789814,1.05630754275941,0.0,0.109360446788293,0.477607141581148,1.92563984948689,1.21592485119726,0.0273579275940707,0.902318696450915
19212,ENSMUSG00000067321,Gm7931,gene,2.84117729229126,1.50648885994308,0.0077233249927902,0.812299651017674,0.0,1.62946166666667,0.0,0.0,0.0,2.772128,2.116257,0.0,1.50648885994308
19335,ENSMUSG00000068014,Gm14648,gene,2.6616878568078,1.41234139249701,0.0720056591951336,0.854048364349435,0.0633813333333333,5.90305133333333,0.0,0.190144,0.0,0.0,4.344719,13.364435,1.41234139249701
19514,ENSMUSG00000068917,Clk2,gene,0.387816378417721,-1.36655436167716,0.0097208842259848,0.843460815192553,2.51261880493175,0.664870817638548,2.63608601000189,1.95903520947349,2.94273519531987,0.248820811096433,0.145600458388375,1.60019118343084,1.36655436167716
19709,ENSMUSG00000070056,Mfhas1,gene,0.364131245635774,-1.45746955297973,0.0338754857266692,0.854048364349435,5.25821677047705,2.60702068406841,5.3375977209721,4.98464054365437,5.45241204680468,0.112169800180018,2.91075661566157,4.79813563636364,1.45746955297973
19875,ENSMUSG00000070576,Mn1,gene,3.57483710909554,1.83787750559619,0.0029168483134909,0.662125900786492,0.0,2.30055470701249,0.0,0.0,0.0,3.37520006628242,2.9622181815562,0.564245873198847,1.83787750559619
20001,ENSMUSG00000071035,Gm5499,gene,1.7677489304188,0.821913386403019,0.0060040496390423,0.752533021115293,0.0,0.639029,0.0,0.0,0.0,1.093312,0.823775,0.0,0.821913386403019
20035,ENSMUSG00000071176,Arhgef10,gene,0.297708038371004,-1.74802991878867,0.0087710785647263,0.843460815192553,2.99362390126674,0.192526700542888,2.68955926775244,3.57069373116178,2.72061870488599,0.0,0.577580101628664,0.0,1.74802991878867
20068,ENSMUSG00000071291,Zfp58,gene,0.56979315644981,-0.811489800735624,0.0688796793702922,0.854048364349435,2.00030012607803,0.881626016427105,1.62903886940452,2.06437368911704,2.30748781971253,0.261746255852156,1.42208039014374,0.961051403285421,0.811489800735624
20081,ENSMUSG00000071341,Egr4,gene,14.856739617944,3.89304563922185,0.0050710029278767,0.730023273549975,0.55278,21.4564323333333,0.0,0.0,1.65834,18.232426,22.15337,23.983501,3.89304563922185
20094,ENSMUSG00000071414,Gm6736,gene,2.98668154021643,1.57854341614087,0.0196137602887194,0.854048364349435,0.443084666666667,3.08439766666667,0.46692,0.862334,0.0,3.703517,2.346338,3.203338,1.57854341614087
20210,ENSMUSG00000071855,Ccdc112,gene,0.441287458565716,-1.18020934853008,0.0279529883000443,0.854048364349435,1.53935,0.280882,0.750435,1.525247,2.342368,0.0,0.0,0.842646,1.18020934853008
20576,ENSMUSG00000073680,Tmem88b,gene,0.126024495511065,-2.98822391578421,0.0002576994833236,0.311446610317636,7.538679,0.0701263333333333,6.81039,8.47654,7.329107,0.0,0.210379,0.0,2.98822391578421
20611,ENSMUSG00000073775,Kti12,gene,0.209063883800203,-2.25798423985932,0.0349936098135664,0.854048364349435,5.88402766666667,2.31728166666667,7.846839,5.020062,4.785182,0.0,0.0,6.951845,2.25798423985932
20755,ENSMUSG00000074093,Svip,gene,2.52438461243332,1.33593173447963,0.0492197838994973,0.854048364349435,2.69294069016194,7.58357114705607,3.00006917354676,3.89861097978096,1.1801419171581,7.15779935355237,8.2412320954788,7.35168199213704,1.33593173447963
20853,ENSMUSG00000074364,Ehd2,gene,1.81071659258132,0.856560758064256,0.0117500419549741,0.843460815192553,0.0,0.682734333333333,0.0,0.0,0.0,1.073728,0.974475,0.0,0.856560758064256
20929,ENSMUSG00000074547,Rps8-ps4,gene,1.79335795439147,0.842663478994559,0.0584899273262411,0.854048364349435,0.16824,0.974304666666667,0.213969,0.290751,0.0,2.325417,0.389456,0.208041,0.842663478994559
20966,ENSMUSG00000074649,BC029722,gene,4.63823810752588,2.21357688374616,0.0177909763547479,0.854048364349435,7.745002,37.1503863333333,12.576597,5.331171,5.327238,39.1992,30.769556,41.482403,2.21357688374616
21025,ENSMUSG00000074811,Hps6,gene,2.98393157343335,1.57721445255017,0.0069331566214572,0.775828287751087,0.0,1.76603833333333,0.0,0.0,0.0,3.062473,2.235642,0.0,1.57721445255017
21061,ENSMUSG00000074892,B3galt5,gene,0.527835181454136,-0.921840582006681,0.0296599725642714,0.854048364349435,3.92594813871299,1.29981792574552,3.59237785728203,5.44277324500731,2.74269331384965,2.2166388262705,1.68281495096607,0.0,0.921840582006681
21389,ENSMUSG00000075703,Ept1,gene,2.56437483531638,1.35860715646824,0.0749003610822068,0.854048364349435,0.38873349798249,2.36059139337648,0.0530878949371907,0.624719778226113,0.488392820784164,3.11040118355539,3.90764629836315,0.0637266982108869,1.35860715646824
22486,ENSMUSG00000078441,Scamp4,gene,0.495929208653506,-1.01179389688301,0.0162820825740954,0.854048364349435,13.0693727189121,5.67815100769368,13.8152907740204,14.7265988330649,10.6662285496511,7.23650216532474,4.57978154911433,5.21816930864197,1.01179389688301
22494,ENSMUSG00000078484,Klhl17,gene,2.08579301426861,1.06059599769252,0.0164586577428073,0.854048364349435,1.43632266666667,5.35882733333333,1.24265,1.632976,1.433342,3.41042,3.455668,9.210394,1.06059599769252
22604,ENSMUSG00000078695,Cisd3,gene,0.569907221444217,-0.811201021323925,0.0159672150793132,0.854048364349435,14.4430294645858,11.6616569003601,14.5972246302521,13.5091819291717,15.2226818343337,4.4543231152461,10.2628902136855,20.2677573721489,0.811201021323925
23079,ENSMUSG00000079834,Tmlhe,gene,1.76596988548148,0.820460741379948,0.0073938512420614,0.79766719916852,0.0,0.638943666666667,0.0,0.0,0.0,1.065849,0.850982,0.0,0.820460741379948
23424,ENSMUSG00000080824,Gm9001,gene,4.11481761853929,2.04082848735164,0.0030617345648671,0.662125900786492,0.0,2.949263,0.0,0.0,0.0,6.058628,2.789161,0.0,2.04082848735164
23768,ENSMUSG00000081221,Gm14760,gene,0.226626537474843,-2.14161128738431,0.0601002167475142,0.854048364349435,5.84048333333333,3.375473,8.684921,4.035377,4.801152,0.0,0.0,10.126419,2.14161128738431
24625,ENSMUSG00000082193,Rpl5-ps1,gene,1.74318297437068,0.80172401086491,0.0398201606479165,0.854048364349435,0.0,1.66529833333333,0.0,0.0,0.0,0.0,1.352434,3.643461,0.80172401086491
24913,ENSMUSG00000082530,Gm12168,gene,3.0969595688591,1.6308525485963,0.0262931560409948,0.854048364349435,0.0,2.36222966666667,0.0,0.0,0.0,2.880176,0.99665,3.209863,1.6308525485963
25687,ENSMUSG00000083411,Rpl30-ps10,gene,6.80831250078791,2.76729725808586,0.0213112789495742,0.854048364349435,0.0,5.992354,0.0,0.0,0.0,8.263731,9.713331,0.0,2.76729725808586
25915,ENSMUSG00000083679,Gm12892,gene,0.37742678308847,-1.40573129129745,0.0067839858128435,0.768066911410589,1.72829833333333,0.0,1.736629,2.29743,1.150836,0.0,0.0,0.0,1.40573129129745
26072,ENSMUSG00000083863,Gm13341,gene,22.4247485721497,4.48701990452482,0.0147290802595196,0.854048364349435,7.18426833333333,171.534617333333,2.193261,6.7183,12.641244,238.120667,90.296005,186.18718,4.48701990452482
26539,ENSMUSG00000084384,Gm12251,gene,2.28460361538949,1.19194387569089,0.0604151585007793,0.854048364349435,0.0,3.262174,0.0,0.0,0.0,0.0,2.944951,6.841571,1.19194387569089
27138,ENSMUSG00000085148,Mir22hg,gene,0.464810822394042,-1.10528443485308,0.0538570691646008,0.854048364349435,6.74817628568954,4.80023508922384,8.05901567931393,4.34698414553015,7.83852903222453,1.64873701039501,2.03982073440748,10.712147522869,1.10528443485308
28385,ENSMUSG00000086688,Gm11560,gene,1.85544845423482,0.891767922429808,0.0477720230650747,0.854048364349435,1.48051533333333,3.216732,2.071288,1.155015,1.215243,3.963912,4.367132,1.319152,0.891767922429808
28576,ENSMUSG00000086914,Gm16124,gene,1.73576398648056,0.795570796468,0.0039372862953204,0.70167545672252,0.0104393333333333,0.637333,0.0,0.0,0.031318,1.062011,0.749132,0.100856,0.795570796468
28624,ENSMUSG00000086968,4933431E20Rik,gene,0.585988986845687,-0.771054544185944,0.0125251887108594,0.843460815192553,4.25301166363681,1.87150620910912,4.38895513561061,4.37322185310072,3.99685800219909,3.9290192873479,1.48597209309485,0.199527246884621,0.771054544185944
28897,ENSMUSG00000087301,Gm13629,gene,0.513634918107994,-0.961184811296198,0.0052081713976763,0.734838265559397,1.60059414227642,0.266424479674797,1.95393135365854,1.47381747560976,1.37403359756098,0.374772207317073,0.424501231707317,0.0,0.961184811296198
30859,ENSMUSG00000089837,Npcd,gene,2.51579602777855,1.33101495813086,0.0005004305599864,0.408483372703291,3.18815826061023,11.2077292294104,2.69280264556091,2.99236832484515,3.87930381142464,7.9196470660702,9.69537757742601,16.008163044735,1.33101495813086
31606,ENSMUSG00000091269,Gm6682,gene,9.87475951467699,3.3037456138776,0.0182747335565884,0.854048364349435,0.461803333333333,13.343771,0.0,1.38541,0.0,22.549395,17.481918,0.0,3.3037456138776
31657,ENSMUSG00000091387,Gcnt4,gene,2.39887788532986,1.26235971923493,0.0268220836209395,0.854048364349435,0.208217666666667,1.58455,0.624653,0.0,0.0,2.63935,2.1143,0.0,1.26235971923493
31776,ENSMUSG00000091625,Lsm5,gene,2.71480618882341,1.44084920708899,0.0492827983777557,0.854048364349435,0.0,2.02367527777778,0.0,0.0,0.0,2.46060975757576,0.658482664141414,2.95193341161616,1.44084920708899
31931,ENSMUSG00000091971,Hspa1a,gene,0.264361431541672,-1.91941638166616,0.0728073953110335,0.854048364349435,8.22915433333333,2.77714,13.070923,6.371369,5.245171,0.0,3.171143,5.160277,1.91941638166616
33019,ENSMUSG00000093661,Eif4e3,gene,2.11327728414549,1.07948207641435,0.0306700705988827,0.854048364349435,0.105193333333333,1.21058666666667,0.0,0.31558,0.0,2.21658,0.668259,0.746921,1.07948207641435
33039,ENSMUSG00000093686,Gm4705,gene,5.20327297291657,2.37941939563724,0.0741472226224082,0.854048364349435,1.26709566666667,9.01371,0.0,0.0,3.801287,9.189325,6.385971,11.465834,2.37941939563724
33146,ENSMUSG00000093828,Ccl27a,gene,0.346280673241361,-1.52998622539129,0.0541211894709699,0.854048364349435,6.34183183585313,4.03095913606911,7.8625448812095,4.27472514038877,6.88822548596112,0.0,3.65929166306695,8.43358574514039,1.52998622539129
33299,ENSMUSG00000094002,Gm9866,gene,0.187495044144295,-2.41507563198785,0.0066127869379297,0.767506559197149,5.70132603658359,0.278713024777729,5.95275923917796,6.16665356012243,4.98456531045037,0.0,0.836139074333188,0.0,2.41507563198785
33735,ENSMUSG00000094519,Gm9048,gene,2.09200087107678,1.06488345230086,0.0227185534075327,0.854048364349435,0.0,0.950591666666667,0.0,0.0,0.0,1.341284,1.510491,0.0,1.06488345230086
34135,ENSMUSG00000094974,Rps19-ps2,gene,2.49651176713445,1.31991370672669,0.0734235201796359,0.854048364349435,0.429704666666667,3.25895666666667,0.0,0.0,1.289114,2.341927,1.545884,5.889059,1.31991370672669
35648,ENSMUSG00000096789,Gm10257,gene,2.37199579589551,1.24610145286618,0.0215981765292027,0.854048364349435,0.0,1.21189233333333,0.0,0.0,0.0,1.720913,1.914764,0.0,1.24610145286618
36059,ENSMUSG00000097245,Gm5421,gene,2.40089689119818,1.26357344698723,0.0644975238646098,0.854048364349435,2.653022,7.30587833333333,2.056862,2.83638,3.065824,8.830112,10.93578,2.151743,1.26357344698723
36128,ENSMUSG00000097320,Tmem147os,gene,1.76253284955823,0.817650146279154,0.0446039236590109,0.854048364349435,0.0619711638418079,0.783147075564972,0.077457688559322,0.0538036108757062,0.0546521920903955,1.69336402683616,0.355741537429379,0.300335662429379,0.817650146279154
36650,ENSMUSG00000097908,4933404O12Rik,gene,2.20775746976517,1.1425816954924,0.0440356351169756,0.854048364349435,0.158161173757372,1.38175993695591,0.0,0.225985254001685,0.24849826727043,2.02176259077506,2.12351722009267,0.0,1.1425816954924
37633,ENSMUSG00000098975,Gm27177,gene,1.73489893489734,0.794851622244898,0.0270097044427577,0.854048364349435,0.129794380828265,1.25683301969302,0.0,0.112366285403997,0.277016857080799,0.439148949609036,1.5478218305821,1.78352827888792,0.794851622244898
37875,ENSMUSG00000099250,Rn7s2,gene,0.0649138571228497,-3.94532970741369,0.0686050331376923,0.854048364349435,34.4008053333333,0.666667333333333,5.810693,86.885895,10.505828,0.0,0.0,2.000002,3.94532970741369
38653,ENSMUSG00000100075,1700018L02Rik,gene,1.91226597829801,0.935283202651284,0.0475228224346144,0.854048364349435,0.175181,1.28149533333333,0.0,0.525543,0.0,1.247899,0.906756,1.689831,0.935283202651284
42078,ENSMUSG00000103677,Pcdhga4,gene,0.393315287318667,-1.3462418330657,0.0012575434678254,0.576962325366002,2.54747433333333,0.31772,2.968157,2.430631,2.243635,0.647181,0.221839,0.08414,1.3462418330657
42858,ENSMUSG00000104507,A430027H14Rik,gene,0.563238771725137,-0.828181446547256,0.0274720636526732,0.854048364349435,1.62652433333333,0.827121666666667,1.678704,1.48556,1.715309,0.0,0.974403,1.506962,0.828181446547256
43151,ENSMUSG00000104802,Gm5869,gene,2.09915873181009,1.06981126283628,0.0128621067814226,0.843460815192553,1.74546366666667,4.442534,1.634073,1.830284,1.772034,8.666585,3.686024,0.974993,1.06981126283628
43690,ENSMUSG00000105345,BC030343,gene,2.6874741959751,1.42625090260257,0.0207016891608318,0.854048364349435,0.0,1.513251,0.0,0.0,0.0,2.160948,2.378805,0.0,1.42625090260257
46893,ENSMUSG00000108776,Gm45169,gene,1.68909491837269,0.756250402395005,0.0194975674779457,0.854048364349435,0.229714,1.14584733333333,0.218453,0.198826,0.271863,0.783408,1.536089,1.118045,0.756250402395005
47228,ENSMUSG00000109118,Gm45109,gene,1.72618384271385,0.787586123176953,0.037136976065175,0.854048364349435,0.0399069898989899,0.920713965305226,0.102475304347826,0.0,0.0172456653491436,0.901040617918313,0.44602817654809,1.41507310144928,0.787586123176953
48048,ENSMUSG00000109946,RP23-328F3.4,gene,0.305281422852729,-1.71178829431641,0.0314025977071841,0.854048364349435,10.5321346666667,5.25544966666667,12.908012,8.390818,10.297574,1.684994,1.666593,12.414762,1.71178829431641
